diet_type,item_no,name,category,meal,ingredients,serving_size,calories,cholesterol (mg),total_fats (g),protein (g),carbohydrates (g),sugar (g),calcium,sodium (mg),potassium (mg),images
Veg,1,Aloo Paratha,Bread,Breakfast,"cilantro, green chilie, potato, ginger, cumin, chili powder, paratha, masala",1 piece(131g),300,0.8,11,6.1,46,4.2,,370,316,https://www.vegrecipesofindia.com/wp-content/uploads/2009/08/aloo-paratha-recipe-2.jpg
Veg,2,Plain Rice,Rice,Lunch,"Water, salt",1 cup(158g),205,0,0.4,4.3,45,0.1,,1.6,55,https://bigoven-res.cloudinary.com/image/upload/t_recipe-1280/plain-white-rice-f7391e.jpg
Non-veg,3,Indian Chilli Chicken,Poultry,Lunch,"soy sauce ,garlic ,corn flour,egg, green chili pepper,fresh ginger, chili powder,boneless chicken, curry powder, curry powder,green bell pepper",1 cup(214g),277,90,12,21,21,4.4,,355,466,https://th.bing.com/th/id/OIP.2N5nyO2RuyOgFKUvGlpxNQHaHa?pid=ImgDet&w=159&h=159&c=7&dpr=1.65
Veg,4,Aloo Jeera,Vegetable,Lunch,"salt, cilantro, jalapeno pepper, potato, lemon juice, chili powder, turmeric, cumin seed",1 cup(143g),172,0,5.6,3.5,28,1.8,,315,727,https://www.cubesnjuliennes.com/wp-content/uploads/2021/02/Jeera-Aloo-Recipe-500x500.jpg
Veg,5,Aloo Gobi,Vegetable,Dinner,"salt, peanut oil, cauliflower, cilantro, potato, fresh ginger, cumin, turmeric, water, serrano pepper, coriander",1 cup(155g),111,0,5.5,2.5,15,1.7,,230,390,https://www.justaveragejen.com/wp-content/uploads/2020/08/aloo-gobi-featured.jpg
Veg,6,Dal,Vegetable,Lunch,"olive oil, salt, tomato, garlic, cilantro, jalapeno, onion, ginger, turmeric, cardamom, cumin seed, red lentil",1 cup (214g),222,0,4.2,14,34,4.5,,431,713,https://www.daringgourmet.com/wp-content/uploads/2013/06/Masoor-Dal-3-square-scaled.jpg
Veg,7,Dal,Vegetable,Dinner,"olive oil, salt, tomato, garlic, cilantro, jalapeno, onion, ginger, turmeric, cardamom, cumin seed, red lentil",1 cup (214g),222,0,4.2,14,34,4.5,,431,713,https://www.daringgourmet.com/wp-content/uploads/2013/06/Masoor-Dal-3-square-scaled.jpg
Veg,8,Lauki Sabji,Vegetable,Lunch,"salt,tomatoe, onion, oil ,chili powder,  turmeric,cumin seed, garam masala, garlic paste,calabash gourd",1 cup (239g),69,0,2.7,1.9,11,2.5,,166,459,https://spoonsofflavor.com/wp-content/uploads/2021/06/Lauki-Ki-Sabzi.jpg
Veg,9,Plain Rice,Rice,Dinner,"Water, salt",1 cup(158g),205,0,0.4,4.3,45,0.1,,1.6,55,https://bigoven-res.cloudinary.com/image/upload/t_recipe-1280/plain-white-rice-f7391e.jpg
Veg,10,Palak Panner,Vegetable,Dinner,"salt,spinach, jalapeno,onion,fresh ginger,paneer,bay leaf, fenugreek,cumin seed, garam masala,light cream,oil,pepper",1 cup (200g),366,56,30,15,10,0.55,,871,559,https://www.cookwithmanali.com/wp-content/uploads/2019/08/Palak-Paneer-500x500.jpg
Non-veg,11,Chicken tikka masala,Poultry,Lunch,"salt, yogurt, cream, tomato sauce, butter, garlic, cilantro, cinnamon, jalapeno, ginger, lemon juice, black pepper, cumin, paprika, chicken breast, cayenne pepper ",1 cup(236g),353,166.5,21.5,33,9.5,5.5,,2072,748,https://th.bing.com/th/id/OIP.3S2NluwCzCc4j46PNaRGiwHaHa?w=186&h=186&c=7&r=0&o=5&dpr=1.65&pid=1.7
Veg,12,Potato Sabji,Vegetable,Dinner,"salt, cilantro,jalapeno, onion,potatoe, vegetable oil,chili powder,turmeric,fenugreek,garlic paste",1 cup (160g),141,0,2.7,3.5,27,3.5,,217,642,https://yummyindiankitchen.com/wp-content/uploads/2015/12/aloo-ki-sabzi-recipe-320x320.jpg?ezimgfmt=rs:250x250/rscb4/ng:webp/ngcb4
Non-veg,13,Fish Curry,Seafood,Dinner,"cashews ,canola oil ,salt ,tomato ,garlic ,cilantro ,onion, fresh ginger ,vegetable broth ,cumin ,white fish ,spice coriander, cayenne ",1 serving(210g),307,109,15,36,6.1,2.7,,745,711,https://www.whiskaffair.com/wp-content/uploads/2020/10/Goan-Fish-Curry-2-3.jpg
Veg,14,Aloo Masala,Vegetable,Dinner,"olive oil, tomato, garlic, cilantro, onion, potato, ginger root, bay leave, chili powder, turmeric, masala, chili pepper, coriander",1 cup(195g),242,0,14,3.8,27,4.5,,41,724,https://silkroadrecipes.com/wp-content/uploads/2020/08/South-Indian-Potatoes-Aloo-Masala-square.jpg
Veg,15,Saag Aloo,Vegetable,Lunch,"garlic, onion, potato, fresh ginger, raw spinach, vegetable oil, cumin, turmeric, garam masala",1 cup(195g),160,0,6.7,4.9,23,2.3,,80,968,https://www.kitchensanctuary.com/wp-content/uploads/2021/03/Saag-Aloo-square-FS-45.jpg
Veg,16,Aloo Naan,Bread,Breakfast,"cilantro, green chilie, potato, ginger, cumin, chili powder, paratha, masala",1 piece(131g),300,0,11,6.1,46,4.2,,370,316,https://silvercastlerestaurant.ca/wp-content/uploads/2021/06/aloo-naan.jpg
Veg,17,Aloo Curry,Curry,Lunch,"salt, tomato, jalapeno, onion, potatoes, vegetable oil, cumin, chili powder, turmeric, fenugreek, water, garlic paste, coriander",1 cup(238g),204,0,13,2.9,21,4.7,,331,550,https://greenbowl2soul.com/wp-content/uploads/2019/04/Potato-curry-1.jpg
Veg,18,Aloo Tikka,Starters,Lunch,"flour, cream, potatoes, oil, chili powder, turmeric, garam masala, whole milk yogurt, coriander, ginger garlic paste",1 cup(121g),229,17,17,3.5,18,2.6,,85,445,https://photo2.foodgawker.com/wp-content/uploads/2015/11/2469393.jpg
Veg,19,Baingan Bharta,Vegetable,Lunch,"salt, tomato, garlic clove, cilantro, eggplant, jalapeno, onion, vegetable oil, lime juice, turmeric, garam masala",1 cup(234g),117,0,5.6,2.1,17,7,,356,385,https://www.whiskaffair.com/wp-content/uploads/2019/05/Baingan-Bharta-2-3.jpg
Veg,20,Mutter Panner,Curry,Dinner,"tomatoe, clove, garlic, green chilie, onion, green pea, ginger, oil, paneer, chili powder, turmeric, ground coriander, cumin seed, masala, water",1 serving(440g),599,69,46,23,25,9.2,,1026,455,https://www.krumpli.co.uk/wp-content/uploads/2020/02/Matar-Paneer-3-720x720.jpg
Veg,21,Saag Paneer,Vegetable,Lunch,"salt, spinach, jalapeno, onion, fresh ginger, sugar, oil, pepper, paneer, bay leaf, fenugreek, cumin seed, garam masala, light cream",1 cup(200g),366,56,30,15,10,4.5,,871,559,https://assets.bonappetit.com/photos/5c8a90c7623f1366f6166492/1:1/w_2560%2Cc_limit/Saag-Paneer-but-with-Feta.jpg
Veg,22,Paneer Kabab,Starters,Dinner,"marinade, onion, green bell pepper, paneer, red bell pepper",1 skewer(178g),280,41,21,13,12,6.9,,1074,313,https://www.carveyourcraving.com/wp-content/uploads/2021/10/paneer-tikka-skewers.jpg
Veg,23,Mutter Paneer,Curry,Lunch,"tomatoe, clove, garlic, green chilie, onion, green pea, ginger, oil, paneer, chili powder, turmeric, ground coriander, cumin seed, masala, water",1 serving(440g),599,69,46,23,25,9.2,,1026,455,https://www.krumpli.co.uk/wp-content/uploads/2020/02/Matar-Paneer-3-720x720.jpg
Veg,24,Paneer Korma,Curry,Dinner,"curry sauce, paneer",1 cup(236g),367,62,29,17,10,4.1,,633,265,https://www.whiskaffair.com/wp-content/uploads/2019/12/Paneer-Korma-2-3.jpg
Veg,25,Shahi Paneer,Curry,Lunch,"salt, tomato, heavy cream, garlic, clove, cilantro, onion, white sugar, oil, paneer, ground cumin, chili powder, ground turmeric, ground coriander, water",1 cup(242g),310,52,25,12,12,7.2,,555,444,https://www.spiceupthecurry.com/wp-content/uploads/2020/07/shahi-paneer-recipe-1-500x500.jpg
Veg,26,Chilli Paneer,Starters,Lunch,"soy sauce, salt, salt, garlic, corn flour, orn flour, jalapeno, onion, sugar, vegetable oil, vinegar, ketchup, reen pepper, panee, green onion, chili powder, chili powder, chili sauce, water, water",1 cup(233g),366,49,27,15,17,6.7,,1418,322,https://www.cookwithmanali.com/wp-content/uploads/2016/01/Chilli-Paneer-Restaurant-Style-500x500.jpg
Veg,27,Paneer Masala,Curry,Lunch,"cashew, salt, tomato, cream, butter, jalapeno, ginger, sugar, paneer, bay leaf, chili powder, fenugreek, garam masala, water, water",1 cup(198g),201,41,16,8.2,6.9,3.7,,503,291,https://www.whiskaffair.com/wp-content/uploads/2019/05/Paneer-Masala-1-3.jpg
Veg,28,Paneer Paratha,Bread,Breakfast,"alt, salt, butter, whole wheat flour, paneer, chili powder, garam masala, ghee, chili pepper, water, mango powder",1 piece(78g),176,20,7.8,7.7,21,1.1,,445,149,https://www.vidhyashomecooking.com/wp-content/uploads/2020/09/PaneerParathaRecipe.jpg
Veg,29,Khoya Paneer Curry,Curry,Dinner,"cashews, tomato, butter, milk, onion, sugar, paneer cheese, bay leaf, cumin, chili powder, fenugreek, garam masala, chili paste, ginger paste, coriander, khoya",1 cup(198g),289,52,19m,13,17,11,,493,241,https://s3-ap-south-1.amazonaws.com/betterbutterbucket-silver/shaheen-ali1460543574570e2055f2fb7.jpeg
Veg,30,Idli,Bread,Breakfast,"salt, vegetable oil, fenugreek, water, uncooked lentil, uncooked parboiled rice, poha",5 piece(195g),290,0,2.2,8,60,0.5,,37,205,https://static.toiimg.com/thumb/63379275.cms?imgsize=206657&width=800&height=800
Veg,31,Fruit Salad,Fruit,Breakfast,"pineapple, bananas, kiwi, grape, strawberries",1 cup(162g),97,0,0.5,1.4,24,16,,2.6,364,https://www.tarladalal.com/members/9306/big/big_summer_salad-10306.jpg?size=696X905
Veg,32,Palak Rice,Rice,Lunch,"salt, spinach, green chili peppe, onion, ginger, rice, oil, bay leaf, cumin, cloves, cardamom, garam masala, cinnamon stick",1 serving(401g),473,0,12,10,82,5,,1215,626,https://www.whiskaffair.com/wp-content/uploads/2016/09/Palak-Rice-2-3.jpg
Veg,33,Palak Paratha,Bread,Breakfast,"salt, flour, spinach, clove, garlic clove, green chili pepper,  oil, garam masala, ghee, water",1 piece(83g),160,9.4,6,4.1,23,0.6,,361,235,https://www.foodusmaximus.com/wp-content/uploads/2020/05/IMG_20200528_133025_MP-01-1-scaled-e1590689936283-400x400.jpg
Veg,34,Upma,Porridge,Breakfast,"salt, tomato, green hot chilly pepper, onion, ginger root, vegetable oil, cumin, mustard seed , water, farina seeds",1 cup(155g),132,0,4,3.4,21,2.7,,179,191,https://simmertoslimmer.com/wp-content/uploads/2014/02/Rava-Upma.jpg
Non-veg,35,Scrambled Triple Eggs,Poultry,Breakfast,"egg, oil, salted duck egg, preserved egg",1 serving(208g),454,1424,38,24,2.4,1.5,,1864,380,https://imagesvc.meredithcorp.io/v3/mm/image?url=https%3A%2F%2Fstatic.onecms.io%2Fwp-content%2Fuploads%2Fsites%2F43%2F2020%2F05%2F12%2F4521378.jpg
Veg,36,Fruit Juice (Cocktail),Beverages,Breakfast,"mixed fruits, sugar",1 glass(148.1g),80,0,0,0.2,19.4,18.1,,90.6,180.6,https://ristorantemassimo.com/wp-content/uploads/2019/03/grid5.jpg
Veg,37,Apple Juice,Beverages,Breakfast,"apple, sugar",1 cup(248g),114,0,0.3,0.3,28,24,,9.9,250,https://www.anightowlblog.com/wp-content/uploads/2014/11/Mulled-Cider-Sangria-Feature-1-300x300.jpg
Veg,38,Orange Juice,Beverages,Breakfast,"orange, sugar",1 cup(248g),112,0,0.5,1.7,26,21,,2.5,496,https://th.bing.com/th/id/OIP.YmMCdk1wfwmK9TGUxjKi3gAAAA?pid=ImgDet&rs=1
Veg,39,Brinjal Fry,Curry,Lunch,"salt, coconut milk, garlic clove, cilantro, eggplant, jalapeno, ginger root, vegetable oil, chilli powder, tomato puree, sesame seed, ground turmeric, ground coriander, fenugreek seed, cumin seed, yellow onion",1 cup(102g),142,0,12,1.2,8.2,2.9,,169,162,http://www.relishthebite.com/wp-content/uploads/2016/04/BrinjalRoast-7.jpg
Veg,40,Lime Juice,Beverages,Breakfast,"lemon, sugar",1 glass(150g),25,0,0,0.6,8.4,2.4,,36,165,https://th.bing.com/th/id/R.d5d4997ae19648b7a7e077df6909f0f9?rik=CUx3O%2fLLpIT7ug&riu=http%3a%2f%2fwww.shakahariblog.com%2fwp-content%2fuploads%2f2014%2f08%2fLime-Juice.jpg&ehk=sFnMT2kczfVLCAkZyHlVQsAUmY3HiT7KFE95fQ%2bbLHw%3d&risl=&pid=ImgRaw&r=0
Veg,41,Mango Juice,Beverages,Breakfast,"mango,sugar",1 cup(251g),128,0,0.1,0.3,33,31,,13,60,https://finmail-site-bucket.s3.ap-southeast-1.amazonaws.com/wp-content/uploads/2020/04/11142353/lassi_1-300x300.jpg
Veg,42,Dosa,Bread,Breakfast,"olive oil, salt, fenugreek, uncooked rice, water, uncooked lentil",2 piece(194g),336,0,7.4,7.8,58,0.3,,188,152,https://www.cookingcarnival.com/wp-content/uploads/2021/04/Instant-dosa-1-500x500.jpg
Veg,43,Ragi Dosa,Bread,Breakfast,"sour cream, salt, cilantro, jalapeno, onion, vegetable oil, rice flour, water, ragi flour",2 piece(160g),270,7.4,15.6,4,30,2,,136,122,https://i.pinimg.com/564x/6a/2d/d2/6a2dd2d4278be3232887be53aeed7e55--indian-snacks-indian-foods.jpg
Non-veg,44,Egg Dosa,Bread,Breakfast,"salt, cilantro, egg, jalapeno, onion, vegetable oil, dosa batter",1 piece(232g),205,186,9.6,9,21,3.1,,418,225,https://www.whiskaffair.com/wp-content/uploads/2018/12/Egg-Dosa-2-3-720x720.jpg
Veg,45,Onion Dosa,Bread,Breakfast,"salt, jalapeno, onion, dosa, coriander",1 piece(150g),191,0,3.9,4.6,35,2.6,,685,171,https://hirasweets.com/wp-content/uploads/2020/06/onion-rava-dosa-recipe-1-1-500x500.jpg
Veg,46,Poori Bhaji,"Fried, Vegetable",Breakfast,"salt, flour, green chili pepper, potato, ginger, vegetable oil, cumin, water, coriander, asafoetida",4 piece(351g),608,0,23,12,92,2.8,,1190,1184,https://restaurantinranikhet.in/wp-content/uploads/2020/05/Poori-Bhaji.jpg
Non-veg,47,Egg Paratha,Bread,Breakfast,"salt, cilantro, egg, jalapeno,onion, whole wheat flour, oil, garam masala",1 piece(106g),276,93,7.5,11,45,1.1,,111,289,https://static.toiimg.com/thumb/84547205.cms?imgsize=262619&width=800&height=800
Veg,48,Dal Fry,Curry,Dinner,"salt, tomato, lentil, jalapeno, onion, oil, lemon juice, cumin, chili powder, turmeric, fenugreek, cumin seed, garam masala, water, garlic paste, ginger paste, coriander",1 cup(200g),178,0,7.8,8.1,21,3.6,,376,452,https://foodoncall.co.in/wp-content/uploads/2017/10/dal-fry.jpg
Veg,49,Sabudana Khichdi,Porridge,Breakfast,"salt, jalapeno, potatoes, fresh ginger, sugar, oil, lemon juice, pearl tapioca, cumin, water, peanut",1 cup (184g),262,0,11,4.5,38,2.9,,256,403,https://www.indianhealthyrecipes.com/wp-content/uploads/2021/06/sabudana-khichdi-recipe-500x500.jpg
Veg,50,Green Moong Dal,Curry,Dinner,"salt, garlic, cilantro, jalapeno, fresh ginger, split pea, vegetable oil, lemon juice, canned tomatoes,ancho chile pepper, turmeric, cumin seed",1 cup(206g),236,0,2,16,41,5.8,,465,738,https://cdn.mamtaskitchen.com/images/10368/10368-1.jpg
Veg,51,Masala Rice,Rice,Dinner,"salt, tomato, jalapeno, onion, rice, oil, chili powder, turmeric, mustard seed, fennel, cumin seed, garam masala, coriander",1 cup(189g),207,0,5.4,3.9,36,2.9,,206,224,https://static.toiimg.com/thumb/86415772.cms?imgsize=69484&width=800&height=800
Non-veg,52,Egg Biryani,Rice,Dinner,"salt, tomato, hard boiled egg, jalapeno, onion, plain yogurt, potato, rice, vegetable oil, bay leaf, cumin, chili powder, masala, cinnamon stick, whole clove, greem cardamom, ginger garlic paste, star anise",1 cup(169g),222,98,7.9,6.7,31,2,,183,306,https://i2.wp.com/www.relishthebite.com/wp-content/uploads/2015/02/EGgBiryani-3.jpg
Veg,53,Veg Biryani,Rice,Lunch,"cashews, green beans, sweet potato, cauliflower, cilantro, onion, vegetable oil, lemon juice, mustard seed, uncooked rice, red chili pepper, curry paste, vegetable stock ",1 cup(169g),198,0,3.9,4.2,37,3.5,,312,257,https://www.cookwithmanali.com/wp-content/uploads/2020/05/Instant-Pot-Paneer-Biryani-500x500.jpg
Veg,54,Tomato Dal,Curry,Lunch,"salt, tomato, lentil, cilantro, jalapeno, onion, fresh ginger, chili powder, turmeric, cumin seed, ghee, water, garlic paste, curry leaves",1 cup(268g),223,16,7.7,12,29,5.5,,724,689,https://www.vegrecipesofindia.com/wp-content/uploads/2013/09/andhra-tomato-dal-recipe-31-1.jpg
Veg,55,Veg Pulao,Rice,Dinner,"mushrooms, salt, onion, rice, vegetable oil, scallion, red bell pepper",1 cup(244g),281,0,4.4,5.4,54,1.9,,1014,204,https://www.indianhealthyrecipes.com/wp-content/uploads/2018/07/pulao-recipe.jpg
Veg,56,Chole Curry,Curry,Lunch,"olive oil, tomato, garlic, cilantro, onion, ginger root, bay leaf, chili powder, turmeric, masala, chili pepper, coriander,canned chickpea",1 cup(195g),281,0,16,7.7,29,6.9,,240,379,https://www.whiskaffair.com/wp-content/uploads/2019/04/Chana-Masala-1-3.jpg
Veg,57,Kadhi Chawal,"Curry,Rice",Lunch,"salt, baking powder, cilantro, jalapeno, onion, fresh ginger, vegetable oil, oil, turmeric, mustard seed, whole milk yogurt, red chili pepper, gram flour, water",2 cup(462g),496,16,32,14,40,16,,973,836,https://1.bp.blogspot.com/-cM5q_dqq6o4/XQUn123lKmI/AAAAAAAAAG4/V8TqCi_sj2wQIdYN3kDg73qx1HIKcB4GQCLcBGAs/w256-h256-p-k-no-nu/kadhi-chawal-recipe.1024x1024-1.jpg
Non-veg,58,Kadhai Gosht,Curry,Dinner,"salt, tomatoes, cilantro, mutton, onion, vegetable oil, chili powder, turmeric, garam masala, garlic paste, red pepper flake",1 cup(246g),463,103,35,28,10,4,,555,619,https://www.yummytummyaarthi.com/wp-content/uploads/2021/09/1-1-500x500.jpg
Veg,59,Capsicum rice,Rice,Dinner,"salt, cinnamon, capsicum, oil, basmati rice, bay leaf, cumin, clove, cooked onion, coriander",1 cup(239g),342,0,11,6.2,57,3.1,,787,301,https://cdn3.foodviva.com/static-content/food-images/pulao-recipes/capsicum-rice-pulao/capsicum-rice-pulao.jpg
Veg,60,Bhindi Fry,Starters,Lunch,"salt, tomato, cilantro, jalapeno, okra, onion, oil, cumin, chili powder, turmeric, fenugreek, garam masala, coriander, dry mango powder, ginger garlic paste",1 cup(186g),196,0,17,2.9,12,5.5,,260,342,https://www.whiskaffair.com/wp-content/uploads/2018/12/Kurkuri-Bhindi-1-3.jpg
Non-veg,61,Chicken Kofta,Starters,Dinner,"garlic clove, cinnamon, ground ginger, kosher salt, onion, black pepper, gound cumin, fresh parsley, ground, allspice, ground chicken, ground coriander, cayenne pepper",1 piece(30g),51,25,2.7,5.8,1.3,0.2,,200,186,https://www.mirchitales.com/wp-content/uploads/2013/12/Chicken-Kofta-Salan-1.jpg
Non-veg,62,Cheese Omlette,Pancake,Breakfast,"eggs, vegetable oil, shredded cheddar",3 egg(192g),407,595,31,27,2.2,0.7,,459,236,https://cheeseknees.com/wp-content/uploads/2021/09/Cheese-Omelette-1-1-550x550.jpg
Non-veg,63,Egg White Omlette,Pancake,Breakfast,"salt, egg whites, oil, pepper",1 cup(163g),201,0,14,16,1.4,1.1,,684,246,https://healthyrecipesblogs.com/wp-content/uploads/2013/02/egg-white-omelet-featured.jpg
Veg,64,Gobi Curry,Curry,Lunch,"olive oil, salt, cauliflower, cumin, curry powder, mustard seed",1 cup(140g),61,0,3.8,2.7,5.9,2.9,,285,203,https://recipes.timesofindia.com/thumb/54693711.cms?imgsize=230683&width=800&height=800
Veg,65,Khaman Dhokla,Pancake,Breakfast,"coconut, salt, baking soda, cilantro, oil, lemon juice, turmeric, mustard seed, whole milk yogurt, gram flour, ginger paste",4 piece(232g),608,13.2,29.6,22.8,64,22.8,,1240,960,https://w2t5x8m2.rocketcdn.me/wp-content/uploads/2018/01/1200x1200-khaman-dhokla.jpg
Veg,66,Dhokli,Pancake,Breakfast,"salt, yogurt, garllic, baking soda, cilantro, jalapeno, fresh ginger, vegetable oil, oil, semolina, lime juice, sesame seed, turmeric",3 piece (168g),279,2.5,8.4,10.2,42,4.5,,483,318,https://www.spiceupthecurry.com/wp-content/uploads/2013/09/Dal-Dhokli-Gujarati-Recipe-500x500.jpg
Veg,67,Dal Baati,Curry,Dinner,"dal, ghee, baati",2 piece(330g),602,50,26,24,72,6.4,,648,1010,https://cdn.mygingergarlickitchen.com/images/350px/350px-1x1-dal-baati-churma.jpg
Veg,68,Pongal,Rice,Lunch,"cashews, fresh ginger, rice, pepper, cumin, ghee, mung bean",1 cup(207g),319,16,8.1,7.3,54,1,,3.4,207,https://www.indianhealthyrecipes.com/wp-content/uploads/2021/01/pongal-ven-pongal-500x500.jpg
Veg,69,Lemon Rice,Rice,Dinner,"butter, lemon juice, pepper, dried basil, lemon zest, uncooked rice, water",1 cup(180g),221,6.9,2.9,4.9,43,1.1,,104,122,https://static.toiimg.com/thumb/53870704.cms?imgsize=142559&width=800&height=800
Veg,70,Mint Pulao,Rice,Lunch,"salt, garlic clove, green chili pepper, onion, vegetable oil, basmati rice, cumin, mint leaf, red chili pepper",1 cup(289g),342,0,10,6.8,557,5.5,,787,420,https://i.pinimg.com/originals/34/14/4f/34144f0bc136e05f34c96b46d39f11c3.jpg
Veg,71,Rajma Pulao,Rice,Dinner,"salt, tomatoes, butter, clove garlic, cilantro, jalapeno, onion, fresh ginger, rice, oil, pepper, chili powder, turmeric, kidney bean, garam masala, water, coriander",1 cup(250g),235,1.5,3.4,9.5,43,2.6,,354,505,https://th.bing.com/th/id/OIP.DHXC3UXpNCCHOs06EQDE_wAAAA?w=177&h=180&c=7&r=0&o=5&dpr=1.65&pid=1.7
Veg,72,Medu Vada,Fried,Breakfast,"salt, cilantro, green chili pepper, oil, water, coriander, uncooked lentil",4 piece(284g),540,0,33.6,17.6,44,1.7,,868,508,https://www.vegrecipesofindia.com/wp-content/uploads/2021/07/vada-recipe-1-500x500.jpg
Non-veg,73,Murg Malai Kabab,Starters,Lunch,"olive oil, soy sauce, garlic, onions, lemon juice, green bell pepper, oregano, chicken breast",1 skewer(202g),270,12,6.8,46,3.9,1.7,,222,463,https://recipes.timesofindia.com/thumb/54670633.cms?imgsize=264766&width=800&height=800
Veg,74,Veggie Burger,Fast food,Lunch,"mayonnaise, tomato, hamburger bun, lettuce, veggie burger patty",1 piece(193g),365,9.3,17,18,36,5.5,,725,468,https://imagesvc.meredithcorp.io/v3/mm/image?url=https%3A%2F%2Fstatic.onecms.io%2Fwp-content%2Fuploads%2Fsites%2F19%2F2015%2F06%2F22%2Fclean-veggie-burgers-ck.jpg&q=60
Veg,75,Vegetable Sandwich,Vegetable,Breakfast,"bread, olive oil, mayonnaise, salt, eggplant, lettuce, zucchini, pepper, red onion, red pepper, portobello mushroom",1 sandwich(363g),560,5.8,40,8.2,45,11,,525,611,"https://res.cloudinary.com/swiggy/image/upload/f_auto,q_auto,fl_lossy/tfup8bqfzir8iq6ncmte"
Veg,76,Margarita Pizza,Fast food,Lunch,"olive oil, olive oil, salt, salt, flour, flour, clove garlic, onion, fresh mozzarella, pepper, basil, canned tomato,  oregano,  parsley, yeast, water",1 slice(107g),170,6.8,9,4.5,18,1.6,,398,135,https://media.istockphoto.com/photos/pizza-margarita-with-cheese-top-view-isolated-on-white-background-picture-id1168754685?k=20&m=1168754685&s=612x612&w=0&h=XauWtcSx53Ey0yswLWggNGQi7gmTjba0TXloXO4NAIs=
Veg,77,Gobi Manchurian,Starters,Dinner,"soy sauce, salt, flour, cauliflower, garlic, corn starch, jalapeno, fresh ginger, sugar, vegetable oil, vinegar, pepper, green onion, chili sauce, chili paste, water, bell pepper",1 cup(137g),236,0,653,3.1,22,5.6,,653,205,https://hyderabadflavours.com.au/wp-content/uploads/2020/11/gobi-manchuria.jpg
Non-veg,78,Chicken Momo,Fast food,Dinner,"salt, tomatoes, garlic, cilantro, chillie, nutmeg, ginger, oil, all purpose flour, green onion, curry powder, ground chicken, turmeric, water, red onion",4 dumpling(144g),244,44,8.8,13.6,28.8,1.4,,44,408,https://5.imimg.com/data5/ANDROID/Default/2020/12/QG/WA/IZ/40546264/product-jpeg-500x500.png
Veg,79,Paneer Korma,Vegetable,Lunch,"curry sauce, paneer",1 cup(236g),367,62,29,17,10,4.1,,683,265,https://www.whiskaffair.com/wp-content/uploads/2019/12/Paneer-Korma-2-3.jpg
Veg,80,Vegetable soup,"Soup, Vegetable",Breakfast,"vegetables, water, salt",2 cup(482g),159,4.8,3.8,5.8,26,4,,1219,381,https://www.kuchpakrahahai.in/wp-content/uploads/2017/01/Sweet-Corn-Soup-Recipe-1-1.jpg
Non-veg,81,Chicken soup,Soup,Breakfast,"chicken, water, salt",2 cup(510g),168,15,3.7,10,24,5.2,,1168,678,https://encrypted-tbn0.gstatic.com/images?q=tbn:ANd9GcT2A9iIN56_4i_eP2n-bDfy8QXMCXBT-4hfEg&usqp=CAU
Veg,82,Poha,Rice,Breakfast,"water, uncooked poha, masala",1 cup(139g),158,0,0.2,2.9,35,0,,4.2,33,https://pipingpotcurry.com/wp-content/uploads/2020/12/Poha-Recipe-indori-Piping-Pot-Curry.jpg
Non-veg,83,Mutton Korma,Curry,Dinner,"cashews, heavy cream, tomato sauce, cloves garlic, corn starch, mutton, oil, fresh ginger, vegetable oil, bay leaf, cumin, chili powder, cumin, turmeric, garam masala, whole milk yogurt, chicken broth, water, coriander",2 cup(319g),562,116,46,24,15,6,,520,580,https://www.whiskaffair.com/wp-content/uploads/2018/11/Mutton-Korma-2-3.jpg
Veg,84,Cabbage Curry,Curry,Lunch,"salt, tomato,cabbage,chili powder,turmeric,garam masala,cumin seed,cilantro, green pea",1 cup (156g),81,0,3.9,2.3,11,5.2,,327,308,https://www.vegrecipesofindia.com/wp-content/uploads/2015/11/cabbage-poriyal-recipe-1-500x500.jpg
Non-veg,85,Egg Omlette,Poultry,Breakfast,"satl, egg whites, oil, pepper",1 cup(163g),201,0,14,16,1.4,1.1,,684,246,https://natesfood.com/wp-content/uploads/2018/06/IMG_3209-1.jpg
Non-veg,86,Shrimp Korma,Curry,Lunch,"cashews, shrimp, heavy cream, tomato sauce, cloves, garlic, corn starch, onion, fresh ginger, vegetable oil, bay leaf, cumin, chilli powder, turmeric, garam masala, whole milk yogurt, chicken broth, water, coriander",1 cup(157g),214,99,16,11,7.9,3,,576,236,https://encrypted-tbn0.gstatic.com/images?q=tbn:ANd9GcTY2EBRwCXn0eGl75mdwOg4TnXnhrCnhea8GVH5XFCJdMalvstSlqYq4yLOuJl99gYZNsA&usqp=CAU
Veg,87,Lassi,Dairy,Breakfast,"yogurt, sugar, saffron, cardamom, water",1 cup(244g),130,7,2.1,6.9,22,21,,95,313,https://static.toiimg.com/photo/83984343.cms
Non-veg,88,Chicken Korma,Poultry,Dinner,"cashews, heavy cream, tomato sauce, garlic, corn starch, onion, fresh ginger, vegetable oil, bay leaf, cumin, chili powder, turmeric, garam masala, whole milk yogurt, chicken broth, water, coriander, chicken breast",2 cup(319g),461,106,33,28,15,5.9,,515,532,https://thewanderlustkitchen.com/wp-content/uploads/2015/12/indian-chicken-korma-recipe-600.jpg
Veg,89,Mango Lassi,Dairy,Breakfast,"honey, mango, cardamom, whole milk yogurt",1 cup(236g),186,16,4.5,5.2,34,33,,60,361,https://www.cookwithmanali.com/wp-content/uploads/2014/05/Indian-Mango-Lassi-Recipe-500x500.jpg
Veg,90,Pav Bhaji,Vegetable,Lunch,"salt, green bean, tomato, cauliflower, butter, carrot, onion, pea, potatoes, green pepper, cumin, chilli powder, turmeric, masala, garam masala, water, 2 dinner roll",1 serving(404g),390,5,11,12,63,11,,589,813,https://pipingpotcurry.com/wp-content/uploads/2018/09/Pav-Bhaji-500x500.jpg
Veg,91,Indian Spicy Potatoes,Vegetable,Dinner,"salt,  tomato,garlic cloves, cilantro,onion, potato,fresh ginger, vegetable oil, bay leaf,cumin,chili powder, turmeric, cumin seed,masala,water  , coriander,dried chili pepper",1 cup (228g),269,0,15,5.1,32,3.6,,395,888,https://4.bp.blogspot.com/-e5umkFgcW9s/VUipFk46ZQI/AAAAAAAAE3Y/SeJufiJywSQ/s1600/Pot%2Bchicken%2Bcurry.jpg
Veg,92,Vada Pao,Fried,Breakfast,"garlic clove, cilantro, jalapeno, potatoes, vegetable oil, turmeric, turmeric, mustard seed, chickpea flour, water, inner roll",1 sandwich(127g),263,18,9.5,7.5,37,3.5,,209,357,https://www.cookwithmanali.com/wp-content/uploads/2018/04/Vada-Pav-500x500.jpg
Veg,93,Aloo Gajar Matar Curry,Curry,Lunch,"salt, carrots, cilantro, jalapeno, pea, potatoes, fresh ginger, vegetable oil, cumin seed, water",1 cup(158g),155,0,5.9,3.8,23,4.9,,351,582,http://myindiantaste.com/wp-content/uploads/2014/08/aloo-gajar-matar-recipe4.jpg
Veg,94,Matar Masala,Vegetable,Dinner,"cashews, salt, tomatoes, butter, garlic, jalapeno, onion, fresh ginger, sugar, oil, chili powder, clove, whole milk yogurt, chana masala, frozen pea, coriander",1 cup(241g),149,8.5,7,4.7,19,8.3,,227,486,https://www.vegrecipesofindia.com/wp-content/uploads/2015/03/matar-masala-recipe-2.jpg
Veg,95,Rajma Rice,Curry Rice,Dinner,"salt, tomatoes, butter, cloves garlic, cilantro, jalapeno, onion, fresh ginger, rice, oil, pepper, chilli powder, turmeric, kidney bean, garam masala, water, corainder",1 cup(250g),235,1.5,3.4,9.5,43,2.6,,354,505,https://www.secondrecipe.com/wp-content/uploads/2017/08/rajma-chawal-1.jpg
Non-veg,96,Chicken Shwarma,Fast food,Lunch,"chicken, live oil, greek yogurt, salt, salt, tomato, garlic, garlic, lettuce, pita, tahini, lemon juice, lemon juice, cumin, curry powder",1 sandwich(314g),528,101,17,45,46,3.4,,1185,630,https://static.toiimg.com/thumb/53649762.cms?imgsize=110825&width=800&height=800
Veg,97,Oats masala,Porridge,Breakfast,"salt, tomatoes, cilantro, jalapeno, oats, onion, oil, cumin, chili powder, turmeric, garam masala, peas and carrot, water, garllic paste, coriander",1 cup(388g),265,0,6.5,9.3,46,9.2,,404,687,https://www.indianveggiedelight.com/wp-content/uploads/2021/05/masala-oats-featured.jpg
Veg,98,Samosa,Fried,Breakfast,"salt, flour, butter, butter, cilantro, onion, potatoes, fresh ginger, vegetable oil, pepper, cumin seed, masala, frozen pea, chili pepper, coriander",1 samosa(100g),261,27,17,3.5,24,1.6,,423,189,https://www.recipetineats.com/wp-content/uploads/2021/02/Samosas-on-plate-SQ.jpg
Veg,99,Chocolate Pastry,Bakery,Breakfast,"chocolate, croissant",1 pastry(70g),297,43,16,5.7,33,12,,288,108,https://i1.fnp.com/images/pr/l/v20200722194554/creamy-chocolate-pastry-6-pcs_1.jpg
Veg,100,Indian Rasam,Soups,Breakfast,"tomatoes,cilantro,peppercorn,mustard seed, cumin seed,ghee,water",1 serving (250g),64,5.5,3.1,2.2,8.7,5,,12,481,https://www.whiskaffair.com/wp-content/uploads/2020/06/Rasam-2-3.jpg
Veg,101,Indian Kootu,Soups,Lunch,"salt,carrot,vegetable oil,  zucchini,turmeric,mustard seed,dry red lentil,frozen pea,dry split pea, coconut meat,water,red pepper flake",1 serving (288g),393,0,10,21,57,7.4,,329,865,https://www.kannammacooks.com/wp-content/uploads/cabbage-kootu-south-indian-tamilnadu-chettinad-style.jpg
Veg,102,Indian Ladoo,Sweeteners,Dinner,"powdered sugar,cardamom,ghee,chickpea flour,",1 piece (42g),211,26,11,4.2,24,15,,12,159,https://www.awesomecuisine.com/wp-content/uploads/2008/03/boondi-laddu.jpg.webp
Veg,103,Indian Halwa,Sweeteners,Dinner,"cashew,raisin,carrots,sugar,whole milk,cardamom,ghee",1 cup (228g),275,30,13,5.6,35,30,,103,443,https://static.toiimg.com/thumb/61590259.cms?imgsize=482788&width=800&height=800
Veg,104,Dahi Vada,Fried,Breakfast,"salt, lentil, baking soda, jalapeno, fresh ginger, oil, oil, cumin, curry powder, mustard seed, cumin seed, masala, whole milk yogurt, red chili pepper",1 piece(71g),89,4.1,5,3.8,7.8,2.3,,144,183,https://www.vegrecipesofindia.com/wp-content/uploads/2021/01/dahi-vada-recipe-1.jpg
Veg,105,Khichdi,Rice,Lunch,"salt, cilantro, fresh ginger, basmati rice, cumin, turmeric, mustard seed, cumin seed, ghee, mung bean, coriander",1 cup(196g),238,6.6,3.4,11,41,2.9,,123,426,https://holycowvegan.net/wp-content/uploads/2014/06/masala-khichdi-featured-image.jpg
Veg,106,Ragi Roti,Bread,Dinner,"coconut, salt, cilantro, jalapeno, onion, vegetable oil, cumin, water, ragi flour",1 Large(68g),139,0,5.7,2.8,20,1.2,,122,85,https://www.vegrecipesofindia.com/wp-content/uploads/2018/01/ragi-roti-recipe-1-500x500.jpg
Veg,107,Chilli Onion Dosa,Fermented,Breakfast,"salt, jalapeno, onion, dosa, coriander",1 medium dosa(150g),191,0,3.9,4.6,35,2.6,,685,171,https://spillthespices.com/wp-content/uploads/2020/09/paneermasaladosa3-500x500.jpg
Veg,108,Bread Pakoda,Fried,Breakfast,"Bread, salt, vegetable oil, rice flour, chili powder, turmeric, gram flour, water",4 piece without stuffing(144g),392,0,16.8,10.8,48,5.6,,504,284,https://www.indianhealthyrecipes.com/wp-content/uploads/2019/08/bread-pakora.jpg
Veg,109,Kabuli Pulao,Rice,Lunch,"Almonds, salt, raisins, garlic, carrots, onion, rice, sugar, vegetable oil, cardamom, garam masala",1 cup(199g),348,0,12,5.4,54,6.8,,764,159,http://www.fatimacooks.net/wp-content/uploads/2015/12/12272748_1537367753220627_660936270_n.jpg
Veg,110,Banana Milkshake,Beverages,Breakfast,"milk, banana, sugar, vanilla, vanilla ice cream",1 glass(207ml),263,32.1,8.2,5.8,43.2,31.5,,96.8,448.6,https://foodtasia.com/wp-content/uploads/2021/07/banana-milkshake-34.jpg
Veg,111,Methi Thepla,Bread,Breakfast,"salt, spinach, jalapeno, fresh ginger, vegetable oil, whole wheat flour, oil, cumin, chili powder, turmeric, whole milk yogurt, hickpea flour, millet flour, sorghum flour, coriander",1 piece(38g),128,0.8,7.1,2.8,14,0.8,,171,115,https://www.vegrecipesofindia.com/wp-content/uploads/2021/01/thepla-recipe-2-500x500.jpg
Veg,112,Kachori,Fried,Breakfast,"salt, flour, ginger, oil, fennel seed, coriander seed, water, aamchoor, uncooked lentil, red pepper flake",3 piece(60g),249,0,15.9,4.5,23.1,0.5,,105,102,https://www.funfoodfrolic.com/wp-content/uploads/2022/03/Kachori-Blog.jpg
Non-veg,113,Karahi Gosht,Curry,Dinner,"salt, tomatoes, cilantro, mutton, onion, vegetable oil, chili powder, turmeric, garam masala, garlic paste, red pepper flake",1 cup(246g),463,103,35,28,10,4,,555,619,https://lh3.googleusercontent.com/yEW3XUlxq3JMUVNDncZgf33-QYX7pemBUQsv0jxCwPql7UZJj4oooksJ0zm7KiCNjbF9Ewp8SIGITK1kknr8=w1920-h1920-c-rj-v1-e365
Non-veg,114,Murgh Makhani,Curry,Dinner,"chicken, salt, yogurt, peanut oil, butter, garlic, corn starch, oil, lemon juice, black pepper, bay leaf, cumin, chili powder, tomato puree, shallot, masala, cayenne pepper",1 cup(240g),355,92,23,23,14,6.7,,251,610,https://www.daringgourmet.com/wp-content/uploads/2018/07/Butter-Chicken-2-square.jpg
Non-veg,115,Butter Chicken,Curry,Lunch,"chicken, salt, yogurt, peanut oil, 	butter, garlic, corn starch, onion, lemon juice, black pepper, bay leaf, cumin, chili powder, tomato puree, shallot, masala, cayenne pepper, cayenne pepper",1 cup(240g),355,92,23,23,14,6.7,,251,610,https://static.toiimg.com/thumb/53205522.cms?imgsize=302803&width=800&height=800
Veg,116,Makhani Dal,Curry,Lunch,"tomato, lentil, cream, butter, garlic cloves, onion, fresh ginger, oil, chili powder, red kidney bean, cumin seed, garam masala",1 cup(253g),427,57,24,16,39,6,,482,733,https://www.vegrecipesofindia.com/wp-content/uploads/2015/01/dal-makhani-recipe-1.jpg
Non-veg,117,Tandoori Chicken,Starters,Lunch,"garlic, cilantro, onion, ginger root, 	lemon juice, masala, whole milk yogurt, chicken pieces, cayenne pepper",1 piece(200g),263,135,12,31,6.1,3.7,,132,428,https://healthyrecipesblogs.com/wp-content/uploads/2013/02/tandoori-chicken-featured-2021.jpg
Veg,118,Chole Bhature,Fried,Lunch,"chole masala, bhatura",1 bhatura with chole(281g),511,5.7,27,13,59,8.6,,507,526,https://static.toiimg.com/photo/53314156.cms
Non-veg,119,Shrimp Bhuna,Curry,Dinner,"salt, shrimp, cloves garlic, cilantro, jalapeno, lemon. onion, vegetable oil, turmeric, garam masala, water, cayenne",1 cup(209g),241,232,11,26,8.4,2.1,,1240,323,https://startandoori.ie/wp-content/uploads/2020/09/prawn-bhuna-300x300.jpg
Veg,120,Misal Pav,"Bread, Curry",Breakfast,"salt, pinto bean, mung bean sprout, cilantro, jalapeno, onion, potato, ginger, oil, cumin, chili powder, turmeric, mustard seed, cumin seed, masala, water, coriander, curry leaves, dinner roll",2 pav with 1 cup curry(452g),528,0,14.8,20,84,7,,586,1232,https://myfoodstory.com/wp-content/uploads/2022/01/Misal-Pav-1.jpg
Non-veg,121,Chicken Mushroom Rice,Rice,Dinner,"olive oil, white rice, mushroom, salt, heavy cream, parmesan cheese, parsley, chicken breast",1 serving(294g),465,111,19,33,38,2,,1932,471,https://static.onecms.io/wp-content/uploads/sites/19/2011/12/14/chicken-rice-mushrooms-peas-ck-x.jpg
Non-veg,122,Spicy Chickens,Poultry,Dinner,"salt,black pepper,garlic powder,onion powder,        dried thyme,   paprika,chicken breast,        cayenne pepper",1serving (157g),249,147,5.6,43,9.5,0.8,,2074,808,https://assets.bonappetit.com/photos/5e14f8c1db70f50008d53a0e/1:1/w_2560%2Cc_limit/Go-Live-Masala-Chicken.jpg
Non-veg,123,Chicken Coconut Curry,Poultry,Dinner,"chicken stock, salt,tomatoes,coconut milk, tomato paste,garlic,cilantro,onion,ginger root,lemon juice,garam masala, ghee, chicken breast,dried chile pepper",1 cup (234g),320,68,22,25,8.5,2.4,,174,533,https://www.whiskaffair.com/wp-content/uploads/2019/08/Coconut-Curry-Chicken-1-3.jpg
Non-veg,124,Chicken Green Curry,Poultry,Lunch,"chicken stock,coconut milk,brown sugar, mixed vegetable,fish sauce,fresh basil,  green curry paste, chicken breast",1 cup (236g),328,73,20,24,17,7.9,,887,623,https://www.kitchensanctuary.com/wp-content/uploads/2019/06/Thai-Green-Curry-square-FS.jpg
Non-veg,125,Chicken  Curry,Poultry,Dinner,"curry sauce, 	roasted chicken breast",1 cup (235g),243,74,11,28,7.5,2,,73,374,https://static.toiimg.com/thumb/58394256.cms?imgsize=691574&width=800&height=800
Non-veg,126,Singapore Noodles,Noodles,Dinner,"soy sauce, shrimp, garlic clove, bean sprout, carrot, onion, vegetable oil, pasta, curry powder, water, chicken breast, celery",2 cup(400g),590,132,17,43,65,3.9,,714,625,https://www.vegrecipesofindia.com/wp-content/uploads/2018/03/singapore-noodles-recipe-1-500x500.jpg
Veg,127,Chana Dal Paratha,Bread,Breakfast,"salt, yogurt, wheat flour, cilantro, oil, green pepper, chili powder, turmeric, dal, gram flour",1 paratha(64g),148,0.6,5.5,4.2,21,1.5,,241,132,https://cdn1.foodviva.com/static-content/food-images/breakfast-recipes/dal-paratha/dal-paratha.jpg
Veg,128,Sev Bhaji,Curry,Lunch,"salt, garlic clove, onion, ginger, oil, chili powder, dried coconut, turmeric, garam masala, water, sev",1 cup(298g),319,0,26,4.3,21,6,,808,355,https://meetthetaste.files.wordpress.com/2022/01/76363-img_20200926_144117.jpg?w=768&h=1024
Veg,129,Appam,Bread,Breakfast,"salt, rice, sugar, yeast, uncooked rice, unsweetened coconut, water",2 piece(92g),188,0,4.8,3,34,3.2,,136,68,https://static.toiimg.com/photo/63797863.cms
Veg,130,Moong Salad,Salad,Breakfast,"mung bean, cabbage, tomatoe, carrot, coriander, onion, lemon juice, green chilie, salt",1 cup(229g),154,0,0.9,9.2,30,6.1,,446,571,https://www.indianveggiedelight.com/wp-content/uploads/2021/05/Sprouted-moong-salad-featured.jpg
Veg,131,Mutheri,Curry,Lunch,"canola oil, tomato, black beans, corn, clove garlic, cilantro, onion, green onion, curry powder, paprika, white pepper, water",1 cup(199g),185,0,4.5,9.1,30,2.9,,5.4,463,https://photo2.foodgawker.com/wp-content/uploads/2019/01/3365187.jpg
Veg,132,Chokha Ni Rotli,Bread,Lunch,"salt, oil, rice flour, water",1 piece(62g),93,0,2.6,1.2,16,0,,98,15,https://indiaphile.info/wp-content/uploads/2013/08/riceroti-8561-2.jpg
Non-veg,133,Goan Shrimp Curry,Curry,Lunch,"salt, shrimp, cloves, garlic, cider vinegar, chili, jalapeno, onion, fresh ginger, lemon juice, coriander seed, unsweetened coconut",1 cup(224g),229,239,6.9,28,14,4.9,,1277,507,https://www.licious.in/blog/wp-content/uploads/2019/07/Goan-Prawn-Curry-1.jpg
Non-veg,134,Goan Salmon Curry,Curry,Lunch,"salt, cloves garlic, salmon, cider vinegar, pepper	chilie, jalapeno, onion, fresh ginger, 	lemon juice, coriander seed, unsweetened coconut",1 cup(224g),327,71,19,27,12,4.9,,273,750,https://www.recipetineats.com/wp-content/uploads/2020/10/Goan-Fish-Curry_6.jpg
Non-veg,135,Fish Vindaloo,Curry,Dinner,"salt, cloves garlic, cinnamon, jalapeno, onion, fresh ginger, vegetable oil, white vinegar,ground black pepper, white fish, turmeric, cumin seed, red chili pepper, water",1 cup(236g),213,51,10,18,12,5.6,,79,586,https://3.bp.blogspot.com/-DsunthLHCd8/Tnq64CxKQwI/AAAAAAAAMbw/a2BSeuyjsIM/s1600/Fish+Vindaloo+%25284%2529-1.jpg
Non-veg,136,Chicken Vindaloo,Curry,Dinner,"salt, garlic, cinnamon, jalapeno, onion, fresf ginger, vegetable oil, white vinegar, ground black pepper, turmeric, cumin seed, red chili pepper, water, chicken meat",2 cup(471g),416,99,20,37,24,11,,174,921,https://www.whiskaffair.com/wp-content/uploads/2021/05/Chicken-Vindaloo-2-3.jpg
Veg,137,Onion Fritter,Fried,Dinner,"clove garlic, cilantro, jalapeno, onion, fresh ginger, vegetable oil, lemon juice, rice flour, fennel seed, turmeric, cumin seed, ghee, gram flour",4 piece(168g),460,13.2,33.6,7.6,34.4,6.8,,22.4,428,https://www.krumpli.co.uk/wp-content/uploads/2020/08/Air-fryer-onion-bhaji-5-720x720.jpg
Non-veg,138,Madras Shrimp,Curry,Lunch,"chicken stock, canola oil, minced garlic, salt, shrimp, coconut milk, onion, fresh ginger, curry powder, lemon zest, fresh mint",1 cup(243g),341,214,23,26,9,1.9,,1169,421,https://erecipe.com/wp-content/uploads/2017/02/prawn-madras-5864.jpg
Non-veg,139,Mexican Rice,Rice,Dinner,"tomato sauce, onion, rice, vegetable oil, cumin, chicken broth",1 serving(274g),279,3.6,12,6,36,3.4,,318,263,https://www.vegrecipesofindia.com/wp-content/uploads/2021/06/mexican-rice-1-500x500.jpg
Veg,140,Pommes Anna,Vegetable,Lunch,"salt, butter, parmesan, nutmeg, russet potato",1 cup(226g),282,33,12,6.4,36,1.3,,853,869,https://static01.nyt.com/images/2017/01/01/magazine/01pommes-anna/01pommes-anna-articleLarge.jpg
Veg,141,Kulcha,Bread,Dinner,"salt, yogurt, flour, baking powder, baking soda, sugar, oil, water",1 large(181g),524,1,21,10,72,4.4,,673,134,https://www.vegrecipesofindia.com/wp-content/uploads/2018/10/kulcha-recipe-1-500x500.jpg
Non-veg,142,Popcorn Chicken,Fried,Lunch,"flour,  garlic powder, salt, black pepper, egg, lemon juice, chicken breast, oil",1 cup(148g),460,103,17,23,51,0.3,,264,229,https://www.licious.in/blog/wp-content/uploads/2020/12/Popcorn-Chicken.jpg
Non-veg,143,Andhra Chicken,Curry,Dinner,"cashew, cinnamon, jalapeno, onion, vegetable oil, onion, vegetable oil, lemon juice, pepper, clove, fennel seed,turmeric, ghee, ginger paste, coriander, curry leave, chicken meat",1 cup(233g),365,87,22,28,14,4.6,,119,497,https://www.whiskaffair.com/wp-content/uploads/2020/11/Andhra-Chicken-Curry-2-3.jpg
Veg,144,Peda,Sweeteners,Dinner,"condensed milk, milk, pistachio, saffron, cardamom, ghee, whole milk powder",1 ball(11g),40,5.8,1.7,1.4,4.9,4.8,,22,71,https://www.indianhealthyrecipes.com/wp-content/uploads/2021/08/peda-recipe.jpg
Non-veg,145,Chicken Cutlet,Poultry,Breakfast,"breadcrumb, flour, egg, vegetable oil, chicken breast",1 cutlet(127g),271,148,8.4,31,16,0.9,,189,273,https://media-cldnry.s-nbcnews.com/image/upload/newscms/2021_35/1767081/chicken-cutlet-kb-square-210830.jpg
Non-veg,146,Kerala Appam,Bread,Breakfast,"salt, rice, sugar, yeast, uncooked rice, unsweetened coconut, water",1 piece(46g),94,0,2.4,1.5,17,1.6,,68,34,https://www.kannammacooks.com/wp-content/uploads/kerala-appam-recipe-1-6.jpg
Veg,147,Chana Masala,Curry,Dinner,"olive oil, tomato, garlic, cilantro, onion, ginger root, bay leave, chili powder, turmeric, masala, chili pepper, coriander, canned chickpea",1 cup(195g),281,0,16,7.7,29,6.9,,240,379,https://www.indianhealthyrecipes.com/wp-content/uploads/2021/08/chana-masala-recipe.jpg
Veg,148,Drumstick Dal,Curry,Lunch,"tomato, mustard, garlic, horseradish, onion, ginger, ol, cumin, turmeric, dal, chili pepper, water",1 cup(386g),155,0,8.5,5,17,5.4,,192,408,https://www.vegrecipesofindia.com/wp-content/uploads/2010/05/drumstick-dal-1a.jpg
Non-veg,149,Malabar Shrimp Curry,Curry,Dinner,"tomatoes, shrimp, coconut milk, garlic, coconut oil, chili, fresh ginger, chili powder, shallot, turmeric, mustard seed, tamarind, water, red onion",1 cup(274g),283,172,16,22,15,6.6,,817,631,https://www.yellowthyme.com/wp-content/uploads/2016/04/DSC_0431-e1524831556721.jpg
Veg,150,Mushroom Masala,Curry,Lunch,"almonds, mushroom, tomato, cream, garlic, cinnamon, onion, ginger, bay leaf, chili powder, garam masala, coriander, cardamom pod",1 cup(230g),156,20,9.3,5,17,7.2,,53,640,https://www.funfoodfrolic.com/wp-content/uploads/2020/04/Mushroom-Masala-Thumbnail.jpg
Veg,151,Beans Vepudu,Vegetable,Lunch,"salt, green beans, onion, oil, mustard seed, cumin seed, red chili pepper, peanut flour, curry leaves, dry chickpea",1 cup(131g),75,0,2.6,3.3,12,5.4,,173,266,https://th.bing.com/th/id/OIP.065k21g_v_qyj35NXFYglAHaHa?pid=ImgDet&w=159&h=159&c=7&dpr=1.65
Veg,152,Green Peas Masala,Curry,Dinner,"cashews, salt, tomato, butter, garlic, jalapeno, onion, fresh ginger, sugar, oil, chili powder, clove, whole milk yogurt, chana masala, 	frozen pea, coriander",1 cup(241g),149,8.5,7,4.7,19,8.3,,227,486,https://th.bing.com/th/id/OIP._WaI6NzWcnHln5FTxYXRDQHaHa?w=173&h=180&c=7&r=0&o=5&dpr=1.65&pid=1.7
Veg,153,Masala Poori,Fried,Breakfast,"tomato, garlic, jalapeno, onion, pea, fresh ginger, vegetable oil, cumin, chili powder, turmeric, garam masala, poori, chutney, coriander",1 cup(283g),388,0,21,11,42,11,,204,712,https://th.bing.com/th/id/OIP.V4U2sCkRm1n9gf3b-aU4pAHaHa?pid=ImgDet&w=205&h=205&c=7&dpr=1.65
Non-veg,154,Spring Roll,Starters,Dinner,"mushroom, soy sauce, mung bean sprout, carrot, egg, sugar, vegetable oil, oil, wonton wrapper, oyster sauce, chicken broth, caneed bamboo shoot, red pepper",1 roll(64g),148,12,6.2,3.7,19,0.9,,270,69,https://th.bing.com/th/id/OIP.HfmZyPym-qdouUWemD3RugHaHa?w=194&h=194&c=7&r=0&o=5&dpr=1.65&pid=1.7
Non-veg,155,Garlic Prawns,Seafood,Lunch,"olive oil, salt, garlic clove, black pepper,cooked shrimp,red pepper flake",1 cup (147g),224,263,10,32,1.3,0.1,,266,361,https://th.bing.com/th/id/OIP.-86QKDMnRxZDJj98H-36mwHaHa?pid=ImgDet&w=640&h=640&rs=1
Non-veg,156,Chicken Saag,Poultry,Lunch,"sour cream, salt, spinach, butter, garlic, milk, onion, fresh ginger, oil, canned tomatoes, turmeric, cardamom, garam masala, whole chicken, water, coriander, cayenne",1 serving(501g),526,117,35,37,19,6.2,,855,1591,https://th.bing.com/th/id/OIP.gMR8BMV-jRS8D8L1ljikzgHaHa?w=186&h=186&c=7&r=0&o=5&dpr=1.65&pid=1.7
Non-veg,157,Chicken Bharta,Poultry,Lunch,"salt, tomato, garlic, jalapeno, onion, fresh ginger, letchup, oil, cashew butter, cumin, chili powder, ground chicken, turmeric, garam masala, water",1 cup(249g),334,121,19,29,14,5.9,,404,1044,https://th.bing.com/th/id/OIP.hfikBu4HNMWZ7kBP4muUCAAAAA?pid=ImgDet&w=300&h=300&rs=1
Non-veg,158,Fish Biryani,Rice,Dinner,"chicken stock,salt,tomatoes, yogurt,garlic,onion, potatoes,vegetable oil,ginger,black pepper,chili powder,white fish,clove,saffron,turmeric, cardamom,uncooked rice,cinnamon stick,mint",1 cup (205ggrams),296,50,10,19,31,3.3,,413,576,https://s3-media4.fl.yelpcdn.com/bphoto/aPEH09PO3wSRh6FHxnNVrw/o.jpg
Non-veg,159,Chicken Seekh Kebab,Starters,Dinner,"salt, garlic cloves, cilantro, onion, fresh ginger, sugar, pepper, bay leaf, cumin, clove, ground chicken, paprika, coriander seed, cayenne, thai chili",1 piece(155g),234,110,12,25,8.5,2.9,,861,894,https://th.bing.com/th/id/OIP.0TuzlfwS4vcEMBMzK0P9SQHaHa?w=186&h=186&c=7&r=0&o=5&dpr=1.65&pid=1.7
Veg,160,Stuffed Eggplant,Curry,Dinner,"olive oil, breadcrumb, garlic, eggplant, parmesan cheese, white wine, fresh parsley, sweet italian sausage",1 cup(381g),750,45,43,30,57,8.2,,127,560,https://th.bing.com/th/id/R.7efb1ad5dc7c13159a4dee3529040cdd?rik=BkL6U%2b%2f0TDTcpQ&riu=http%3a%2f%2fimages.media-allrecipes.com%2fuserphotos%2f960x960%2f6218807.jpg&ehk=9PZgV5A4gO%2bApU0BpbqUDHWo3zp6yRL%2bzh6qwWi2jSA%3d&risl=&pid=ImgRaw&r=0
Veg,161,Peanut Masala,Starters,Breakfast,"salt, vegetable oil, rice flour, chili flour. gram flour, raw peanut",0.3 cup(47g),256,0,21,10,12,2,,158,287,https://th.bing.com/th/id/OIP.QGUeXEKuDE_7arqFLcHqxgHaHa?w=187&h=187&c=7&r=0&o=5&dpr=1.65&pid=1.7
Veg,162,Paneer Shashlik,Starters,Lunch,"marinade, onion, green bell pepper, paneer, red bell pepper",1 skewer(178g),280,41,21,12,12,6.9,,1074,313,https://th.bing.com/th/id/OIP.UiTm8X-sDjOju1X5iDgjKAHaHa?w=189&h=189&c=7&r=0&o=5&dpr=1.65&pid=1.7
Non-veg,163,Stuffed Salmon,Curry,Dinner,"salt, garlic cloves, salmon fillet, lemon juice, crab meat, pepper, fresh parsley",1 fillet(299g),467,18,24,55,3.5,0.5,,46,98,https://i.pinimg.com/originals/e1/3c/7c/e13c7c0ff57a0e15bbc2815ed1ef8168.jpg
Non-Veg,164,Oatmeal Cookie,Bakery,Breakfast,"salt, flour, butter, baking soda, cinnamon, egg, oat, sugar, vanilla",1 piece(32g),135,26,6.5,2.2,17,6.3,,161,42,"https://i0.wp.com/www.livewellbakeoften.com/wp-content/uploads/2017/09/Oatmeal-Chocolate-Chip-Cookies-5.jpg?fit=1360,1360&ssl=1"
Veg,165,Papdi,Fried,Breakfast,"salt, flour, baking powde, oil, cardamom, water",1 piece(12g),39,0,2.1,0.6,4.4,0,,59,7.1,https://th.bing.com/th/id/OIP.M8L2zYdc0dRFIxWvAqyJgwHaHa?w=172&h=180&c=7&r=0&o=5&dpr=1.65&pid=1.7
Non-Veg,166,Coconut Cookie,Bakery,Breakfast,"flaked coconut, salt, flour, butter, baking soda, brown sugar, egg, sugar, vanilla",1 piece(32g),137,21,6.4,1.3,19,12,,117,41,https://th.bing.com/th/id/OIP.gXnuzU2VIwfdtb0inkvpVwHaHa?w=186&h=186&c=7&r=0&o=5&dpr=1.65&pid=1.7
Veg,167,Carrot Halwa,Desserts,Dinner,"cashew, raisin, carrots, sugar, whole milk, cardamom, ghee",1 cup(228g),275,30,13,5.6,35,30,,103,443,https://i.pinimg.com/originals/53/a1/b9/53a1b9b1d758cad5267542af5f38781e.jpg
Veg,168,Suji Halwa,Desserts,Dinner,"cashew, almond, semolina, sugar, whole milk, cardamom, ghee",1 serving(122g),318,31,13,4.9,46,30,,52,155,https://content.instructables.com/ORIG/FHT/6RLC/IKOCTBGX/FHT6RLCIKOCTBGX.jpg?auto=webp&crop=1:1&frame=1&width=320
Veg,169,Onion Bhaji,Fried,Lunch,"clove garlic, cilantro, jalapeno, onion, fresh ginger, vegetable oil, lemon juice, rice flour, fennel seed, turmeric, cumin seed, ghee, gram flour",4 piece(168g),460,13.2,33.6,7.6,34.4,6.8,,22.4,428,https://images.media-allrecipes.com/userphotos/600x600/5452600.jpg
Veg,170,Mushroom Bhaji,Vegetable,Lunch,"olive oil, tomato paste, garlic, jalapeno, cumin, chili powder, chive, water, coriander, raw mushrooms",1 cup(166g),83,0,5.3,4.8,7.1,3.5,,25,526,https://th.bing.com/th/id/OIP.3jBi3jhNsaYHoOKueoHmYQHaHa?w=199&h=199&c=7&r=0&o=5&dpr=1.65&pid=1.7
Veg,171,Date Milkshake,Beverages,Breakfast,"milk, vanilla, ice creame, dates",1 glass(300ml),608,78,19,9.4,106,92,,165,1020,https://th.bing.com/th/id/OIP.mEDttlhrZy-Jz7gubFoLagAAAA?pid=ImgDet&w=382&h=382&rs=1
Veg,172,Oreo Milkshake,Beverages,Breakfast,"vanilla milkshake, oreo cookie",1 glass(320ml),652,34,22,15,102,80,,549,688,https://th.bing.com/th/id/OIP.AvxzJcJGkHSFRI0w7-i_lwHaHa?pid=ImgDet&rs=1
Veg,173,Honey Iced Tea,Beverages,Snacks,"sugar, black tea",5 fl oz(160g),50,0,0,0,10.4,10,,0.1,25,https://th.bing.com/th/id/OIP.IkDI5NCrsSgnDunCZ79OTgHaHa?w=186&h=186&c=7&r=0&o=5&dpr=1.65&pid=1.7
Veg,174,Honey Iced Tea,Beverages,Breakfast,"sugar, black tea",5 fl oz(160g),50,0,0,0,10.4,10,,0.1,25,https://th.bing.com/th/id/OIP.IkDI5NCrsSgnDunCZ79OTgHaHa?w=186&h=186&c=7&r=0&o=5&dpr=1.65&pid=1.7
Veg,175,Onion Pakoda,Fried,Snacks,"salt, flour, baking soda, onion, vegetable oil, rice flour, chili powder, turmeric, water",3 piece(99g),240,0,14.4,3.3,24.6,1.7,,174,93,https://th.bing.com/th/id/R.87797924412672f4e601b56d3ea5ceef?rik=W%2b2VWn1kFs0f8Q&riu=http%3a%2f%2fcdn3.foodviva.com%2fstatic-content%2ffood-images%2fsnacks-recipes%2fonion-pakoda%2fonion-pakoda.jpg&ehk=m%2bF%2fDTqC0wp1Rmz0zHaUmkPcnuH2JbQSijW24i2th%2fw%3d&risl=&pid=ImgRaw&r=0
Non-veg,176,Chicken Pakoda,Fried,Snacks,"salt, egg white, vegetable oil, corn meal, chili powder, turmeric, garam masala, gram flour, garlic paste, chicken meat",2 piece(96g),96,22,5.6,8.2,2.8,0.3,,104,96,https://th.bing.com/th/id/OIP.CUSRpFCX8lNwqc0oTbd3dQHaHa?pid=ImgDet&rs=1
Non-veg,177,Corn Fritter,Fried,Snacks,"salt, flour, butter, milk, egg, sugar, vegetable oil, canned corn, self rising cornmeal",2 piece(96g),230,46,11.4,5,28,5.4,,462,128,https://th.bing.com/th/id/OIP.0daNPMFzNNJujuw34CB1MQHaHa?w=197&h=197&c=7&r=0&o=5&dpr=1.65&pid=1.7
Veg,178,Pani Puri,Fast food,Snacks,"salt, cilantro, cilantro, jalapeno, onion, fresh ginger, sugar, cumin, cumin, chili powder, masala, masala, puri, tamarind, water, mint",3 piece(213g),456,0,29.7,7.5,45,5.7,,330,270,https://i.pinimg.com/originals/48/76/67/487667902ce6f1875adaa1ca35b786ae.jpg
Veg,179,Papdi Chaat,Fast food,Snacks,"salt, flour, chickpea, plain yoghurt, potato, vegetable oil, oil, semolina, chili powder, chutney, water",1 cup(129g),242,2.3,10,6.8,32,3.6,,468,307,https://i.pinimg.com/originals/60/ef/a7/60efa702ad7e1d0524a4b073a16b97e2.jpg
Veg,180,Tomato Rice,Rice,Lunch,"tomatoes, cilantro, alapeno, onion, fresh ginger, oil, basmati rice, pepper, cumin, chili powder, fresh mint, turmeric, mustard seed, coriander",1 serving(126g),126,0,3.9,2.3,20,1.9,,9.2,173,https://th.bing.com/th/id/OIP.e5F0nt6209Wvfpj4r3yTRQHaHa?w=184&h=184&c=7&r=0&o=5&dpr=1.65&pid=1.7
Veg,181,Bhel Puri,Fast food,Snacks,"salt, tomatoes, cilantro, onion, potatoes, ginger, lemon juice, garam masala, green chutney, papad, puffed rice, crispy noodle, tomato chutney, peanut",1 cup(93g),188,0,9.2,5.9,22,5.4,,412,275,https://www.whiskaffair.com/wp-content/uploads/2014/07/Bhel-Puri-4.jpg
Veg,182,Sev Puri,Fast food,Snacks,"salt, tomato, garlic, cilantro, jalapeno, onion, potato, cumin, masala, puri, red chili pepper, green chutney, tamrind, date chutney",3 piece(159g),282,0,15.3,5.7,33,6.3,,645,426,https://th.bing.com/th/id/OIP.SZ3NUFJnFXFTsPkbuaxwjgHaHa?w=186&h=186&c=7&r=0&o=5&dpr=1.65&pid=1.7
Non-veg,183,Chicken Salad,Salad,Breakfast,"mayo, salt, mustard, onion, sweet relish, sugar, pepper, roasted chicken, celery",1 cup(224g),508,128,36,38,6.6,4.8,,452,416,https://www.licious.in/blog/wp-content/uploads/2020/12/3-Step-Chicken-Salad.jpg
Non-veg,184,Grilled Fish Sandwich,"Bread, Seafood",Snacks,"hamburger bun, butter, tartar sauce, white fish",1 sandwich(249g),514,143,23,46,27,4.6,,557,767,https://www.tasteofhome.com/wp-content/uploads/2017/10/Grilled-Fish-Sandwiches_EXPS_SDAM18_21426_B12_06_2b-1.jpg
Non-veg,185,Grilled Fish Sandwich,"Bread, Seafood",Breakfast,"hamburger bun, butter, tartar sauce, white fish",1 sandwich(249g),514,143,23,46,27,4.6,,557,767,https://www.tasteofhome.com/wp-content/uploads/2017/10/Grilled-Fish-Sandwiches_EXPS_SDAM18_21426_B12_06_2b-1.jpg
Veg,186,Batata Vada,Fried,Snacks,"salt, flour, garllic, baking soda, cilantro, jalapeno, potatoes, fresh ginger, sugar, vegetable oil, oil, lemon, juice, chili powder, turmeric, mustard seed, cumin seed, water, curry leave",1 piece(50g),112,0,6,1.7,13,0.6,,211,138,https://m.media-amazon.com/images/I/61MDCO-dCML._SL1000_.jpg
Veg,187,Mysore Bonda,Fried,Snacks,"salt, flour, baking soda, cilantro, jalapeno, plain yogurt, ginger, oil, rice flour, cumin, water",2 piece(58g),120,0.8,5.4,2.4,15.4,1,,342,58,https://i.ytimg.com/vi/6uIu9ORSkUo/maxresdefault.jpg
Non-veg,188,Potato Patty,Fried,Snacks,"olive oil, bread crumb, egg, grated parmesan, mozzarella, potatoes, fresh parsley, onion salt",1 croquette(70g),105,22,3.9,4,14,0.9,,249,304,https://fitelo.co/wp-content/uploads/elementor/thumbs/hqdefault-1-1-p10mrpsol6m0k06409eo26o7t99l954hcfm9lpf18w.jpg
Veg,189,Samosa Chaat,Fast food,Snacks,"salt, tomatoes, cloves garlic, cooked chickpea, onions, oil, thyme, turmeric, garam masala, samosa, chili pepper, red chili pepper, chutney, coriander, dry mango powder",1 cup(233g),403,19,23,11,42,7.4,,781,599,https://th.bing.com/th/id/OIP.To0PDI_e0ljbI9cHLSbmOwAAAA?pid=ImgDet&rs=1
Veg,190,Masala Puri Chaat,Fast food,Snacks,"tomatto, garlic, jalapeno, onion, pea, fresh ginger, vegetable oil, cumin, chili powder, turmeric, garam masala, poori, chutney, coriander",1 cup(283g),388,0,21,11,42,11,,204,712,https://www.vidhyashomecooking.com/wp-content/uploads/2020/11/MasalaPuriRecipe.jpg
Veg,191,Lemon Tea,Beverages,Breakfast,"tea, lemon juice",1 serving(181g),2,0,0,0,0.7,0,,0.6,40,https://zobhaka.com/image/cache/catalog/Tea/BLACK%20TEA/Black%20Tea%20-%20LEMON/Black%20Tea%20with%20Lemon-1000x1000.jpeg
Veg,192,Lemon Tea,Beverages,Snacks,"tea, lemon juice",1 serving(181g),2,0,0,0,0.7,0,,0.6,40,https://zobhaka.com/image/cache/catalog/Tea/BLACK%20TEA/Black%20Tea%20-%20LEMON/Black%20Tea%20with%20Lemon-1000x1000.jpeg
Veg,193,Cherry Juice,Beverages,Breakfast,juice,8 fl oz(237g),128,31,0,0.3,31,29,,145,289,https://i.pinimg.com/originals/c9/ed/6d/c9ed6ddb299914295b25a6380b7a67a4.jpg
Veg,194,Cherry Juice,Beverages,Snacks,juice,8 fl oz(237g),128,31,0,0.3,31,29,,145,289,https://i.pinimg.com/originals/c9/ed/6d/c9ed6ddb299914295b25a6380b7a67a4.jpg
Veg,195,Panna Cotta,Beverages,Breakfast,"gelatin, cream, milk, sugar, vanilla",0.5 cup(122g),390,127,34,2.8,19,18,,43,92,https://i.pinimg.com/originals/a0/05/86/a0058683c33f0f715d789320f01b733c.png
Veg,196,Panna Cotta,Beverages,Snacks,"gelatin, cream, milk, sugar, vanilla",0.5 cup(122g),390,127,34,2.8,19,18,,43,92,https://i.pinimg.com/originals/a0/05/86/a0058683c33f0f715d789320f01b733c.png
Veg,197,Oat Waffles,Bread,Breakfast,"salt, flour, butter, milk, baking powder, brown sugar, cinnamon, oat",1 large(132g),320,35,14,7.3,43,4.7,,955,193,https://data.thefeedfeed.com/static/2020/05/22/15901905085ec861ac2940c.jpg
Veg,198,Raspberry Tea,Beverages,Snacks,"sugar, black tea",1 cup(259g),88,0,0,0,23,22,,0.2,50,https://images.squarespace-cdn.com/content/v1/58dc480344024326ef955f75/1547832656889-GO33ZMG9MKH8JJUQCSE6/blog-image-3.jpg?format=1000w
Veg,199,Raspberry Tea,Beverages,Breakfast,"sugar, black tea",1 cup(259g),88,0,0,0,23,22,,0.2,50,https://images.squarespace-cdn.com/content/v1/58dc480344024326ef955f75/1547832656889-GO33ZMG9MKH8JJUQCSE6/blog-image-3.jpg?format=1000w
Veg,200,Payasam,Sweeteners,Lunch,"cashew, almond, raisin, sugar, whole milk, cardamom, uncooked rice",0.5 cup(113mg),131,9.5,5.3,4.2,17,13,,42,166,https://www.kannammacooks.com/wp-content/uploads/thinai-payasam-foxtail-millet-payasam.jpg
Veg,201,Ginger Tea,Beverages,Breakfast,"ginger, tea",1 cup(237g),2,0,0,0,0.5,0,,2.4,21,https://zobhaka.com/image/cache/catalog/Tea/Ginger%20Tea/Tea%20with%20Ginger-1000x1000.jpeg
Veg,202,Ginger Tea,Beverages,Snacks,"ginger, tea",1 cup(237g),2,0,0,0,0.5,0,,2.4,21,https://zobhaka.com/image/cache/catalog/Tea/Ginger%20Tea/Tea%20with%20Ginger-1000x1000.jpeg
Veg,203,Cheese Sandwich,"Dairy, Bread",Breakfast,"white bread, butter, american cheese",1 sandwich(106g),366,63,23,12,28,5.4,,886,185,https://i.pinimg.com/originals/75/01/ed/7501ed12e7c03294a7bd62417e4d6c03.png
Veg,204,Cheese Sandwich,"Dairy, Bread",Snacks,"white bread, butter, american cheese",1 sandwich(106g),366,63,23,12,28,5.4,,886,185,https://i.pinimg.com/originals/75/01/ed/7501ed12e7c03294a7bd62417e4d6c03.png
Veg,205,Cheese Pastry Puff,Bread,Snacks,"salt, flour, egg, gruyere cheese, ground nutmeg, ground black pepper, egg yolk, unsalted butter",1 piece(6g),22,11,1.5,1.1,0.9,0,,34,5.8,https://recipepocket.com/php_assets/uploads/2021/10/tuna-pinwheels7.jpg
Veg,206,Khasta Kachori,Fried,Snacks,"salt, flour, ginger, oil, fennel seed, coriander seed, water, aamchoor, uncooked lentil, red pepper flake",1 piece(20g),83,0,5.3,1.5,7.7,0.2,,35,34,"https://static.wixstatic.com/media/a690a2_4d541d33ac5f42ca8df8d00c4bd5b1e5~mv2_d_6144_4096_s_4_2.jpg/v1/fill/w_1000,h_667,al_c,q_90,usm_0.66_1.00_0.01/a690a2_4d541d33ac5f42ca8df8d00c4bd5b1e5~mv2_d_6144_4096_s_4_2.jpg"
Non-veg,207,Chow mein,Noodles,Dinner,"soy sauce, peanut oil, mung bean sprout, corn starch, egg noodles, sesame oil, green onion, chinese five spice, hot chili sauce, chicken breast, red bell pepper",1 cup(181g),295,58,15,18,22,1.9,,565,262,"https://static.wixstatic.com/media/05c508_160cd85d17a34e20b60b3ced042d29de~mv2.jpg/v1/fill/w_1000,h_1000,al_c,q_90,usm_0.66_1.00_0.01/05c508_160cd85d17a34e20b60b3ced042d29de~mv2.jpg"
Non-veg,208,Chow mein,Noodles,Dinner,"soy sauce, peanut oil, mung bean sprout, corn starch, egg noodles, sesame oil, green onion, chinese five spice, hot chili sauce, chicken breast, red bell pepper",1 cup(181g),295,58,15,18,22,1.9,,565,262,"https://static.wixstatic.com/media/05c508_160cd85d17a34e20b60b3ced042d29de~mv2.jpg/v1/fill/w_1000,h_1000,al_c,q_90,usm_0.66_1.00_0.01/05c508_160cd85d17a34e20b60b3ced042d29de~mv2.jpg"
Veg,209,Stuffed Eggplant,Curry,Lunch,"olive oil, breadcrumb, garlic, eggplant, parmesan cheese, white wine, fresh parsley, sweet italian sausage",1 cup(381g),750,45,43,30,57,8.2,,127,560,https://assets.zeezest.com/images/PROD_Bharli-baigan_1618234765354.jpg
Veg,210,Green Peas Masala,Curry,Lunch,"cashews, salt, tomato, butter, garlic, jalapeno, onion, fresh ginger, sugar, oil, chili powder, clove, whole milk yogurt, chana masala, 	frozen pea, coriander",1 cup(241g),149,8.5,7,4.7,19,8.3,,227,486,https://cakeworkorange.com/wp-content/uploads/2020/10/green-peas-masala-1.jpg
Non-veg,211,Mexican Rice,Rice,Lunch,"tomato sauce, onion, rice, vegetable oil, cumin, chicken broth",1 serving(274g),279,3.6,12,6,36,3.4,,318,263,https://keviniscooking.com/wp-content/uploads/2020/04/Authentic-Mexican-Rice-square.jpg
Veg,212,Chokha Ni Rotli,Bread,Dinner,"salt, oil, rice flour, water",1 piece(62g),93,0,2.6,1.2,16,0,,98,15,https://imgmedia.lbb.in/media/2020/11/5fb61ad10eb731347148db40_1605769937839.jpg
Non-veg,213,Andhra Chicken,Curry,Lunch,"cashew, cinnamon, jalapeno, onion, vegetable oil, onion, vegetable oil, lemon juice, pepper, clove, fennel seed,turmeric, ghee, ginger paste, coriander, curry leave, chicken meat",1 cup(233g),365,87,22,28,14,4.6,,119,497,https://www.kannammacooks.com/wp-content/uploads/Bangalore-Restaurant-Style-Andhra-Chilli-Chicken-Recipe-1-5.jpg
Non-veg,214,Fish Biryani,Rice,Lunch,"chicken stock,salt,tomatoes, yogurt,garlic,onion, potatoes,vegetable oil,ginger,black pepper,chili powder,white fish,clove,saffron,turmeric, cardamom,uncooked rice,cinnamon stick,mint",1 cup (205ggrams),296,50,10,19,31,3.3,,413,576,https://www.whiskaffair.com/wp-content/uploads/2014/08/Fish-Biryani-5.jpg
Non-veg,215,Malabar Shrimp Curry,Curry,Lunch,"tomatoes, shrimp, coconut milk, garlic, coconut oil, chili, fresh ginger, chili powder, shallot, turmeric, mustard seed, tamarind, water, red onion",1 cup(274g),283,172,16,22,15,6.6,,817,631,https://www.licious.in/blog/wp-content/uploads/2021/01/malabar-prawn-curry.jpg
Veg,216,Indian Halwa,Sweeteners,Lunch,"cashew,raisin,carrots,sugar,whole milk,cardamom,ghee",1 cup (228g),275,30,13,5.6,35,30,,103,443,https://cuminindiancuisine.com/wp-content/uploads/2021/05/Gajar-ka-halwa.png
Non-veg,217,Butter Chicken,Curry,Dinner,"chicken, salt, yogurt, peanut oil, 	butter, garlic, corn starch, onion, lemon juice, black pepper, bay leaf, cumin, chili powder, tomato puree, shallot, masala, cayenne pepper, cayenne pepper",1 cup(240g),355,92,23,23,14,6.7,,251,610,https://www.licious.in/blog/wp-content/uploads/2020/10/butter-chicken-.jpg
Veg,218,Makhani Dal,Curry,Dinner,"tomato, lentil, cream, butter, garlic cloves, onion, fresh ginger, oil, chili powder, red kidney bean, cumin seed, garam masala",1 cup(253g),427,57,24,16,39,6,,482,733,https://www.kannammacooks.com/wp-content/uploads/dal-makhani-recipe-cream-1-3.jpg
Non-veg,219,Tandoori Chicken,Starters,Dinner,"garlic, cilantro, onion, ginger root, 	lemon juice, masala, whole milk yogurt, chicken pieces, cayenne pepper",1 piece(200g),263,135,12,31,6.1,3.7,,132,428,https://www.licious.in/blog/wp-content/uploads/2020/12/Tandoori-Chicken.jpg
Veg,220,Chole Bhature,Fried,Dinner,"chole masala, bhatura",1 bhatura with chole(281g),511,5.7,27,13,59,8.6,,507,526,"https://static.wixstatic.com/media/05c508_1bd0d1a3f4484b849bc78fec26f86ccb~mv2.jpg/v1/fill/w_1000,h_1000,al_c,q_90,usm_0.66_1.00_0.01/05c508_1bd0d1a3f4484b849bc78fec26f86ccb~mv2.jpg"
Non-veg,221,Shrimp Bhuna,Curry,Lunch,"salt, shrimp, cloves garlic, cilantro, jalapeno, lemon. onion, vegetable oil, turmeric, garam masala, water, cayenne",1 cup(209g),241,232,11,26,8.4,2.1,,1240,323,https://www.licious.in/blog/wp-content/uploads/2022/02/shutterstock_1488206756-min.jpg
Veg,222,Lemon Rice,Rice,Lunch,"butter, lemon juice, pepper, dried basil, lemon zest, uncooked rice, water",1 cup(180g),221,6.9,2.9,4.9,43,1.1,,104,122,https://fitelo.co/wp-content/uploads/elementor/thumbs/Website-Pictures-11-p10mrqqis0navm4qurtamofoen4ygu87ok9r2zdn2o.jpg
Veg,223,Mint Pulao,Rice,Dinner,"salt, garlic clove, green chili pepper, onion, vegetable oil, basmati rice, cumin, mint leaf, red chili pepper",1 cup(289g),342,0,10,6.8,557,5.5,,787,420,"https://static.wixstatic.com/media/4c8c47_58afb5cfd4cf4358ad88da9a4a1f9822~mv2_d_1400_1400_s_2.jpg/v1/fill/w_1000,h_1000,al_c,q_90,usm_0.66_1.00_0.01/4c8c47_58afb5cfd4cf4358ad88da9a4a1f9822~mv2_d_1400_1400_s_2.jpg"
Veg,224,Rajma Pulao,Rice,Lunch,"salt, tomatoes, butter, clove garlic, cilantro, jalapeno, onion, fresh ginger, rice, oil, pepper, chili powder, turmeric, kidney bean, garam masala, water, coriander",1 cup(250g),235,1.5,3.4,9.5,43,2.6,,354,505,https://th.bing.com/th/id/OIP.DHXC3UXpNCCHOs06EQDE_wAAAA?w=177&h=180&c=7&r=0&o=5&dpr=1.65&pid=1.7
Veg,225,Apple,Fruit,Breakfast,,1 medium(182g),95,0,0.3,0.5,25,19,,1.8,195,https://th.bing.com/th/id/OIP.-gIOAOj6Lq-sgbQfVh_C2gHaF7?w=223&h=180&c=7&r=0&o=5&dpr=1.5&pid=1.7
Veg,226,Orange,Fruit,Breakfast,,1 fruit(140g),69,0,0.2,1.3,18,12,,1.4,232,https://media.istockphoto.com/photos/bitter-orange-daidai-picture-id462608983?k=6&m=462608983&s=612x612&w=0&h=IOiQVfraJnrIw58RRUVV_0wv9I2OCps17iijoEfohw0=
Veg,227,Mango,Fruit,Breakfast,,1 fruit(336g),202,0,1.3,2.8,50,46,,3.4,564,https://momobud.sg/wp-content/uploads/2021/02/Palmer-Mango.jpg
Veg,228,Peach,Fruit,Breakfast,,1 large(175g),68,0,0.4,1.6,17,15,,0,333,https://th.bing.com/th/id/OIP.9LmEKGScy0wJ3GDGqIe9pwHaGM?pid=ImgDet&rs=1
Veg,229,Grapes,Fruit,Breakfast,,10 grapes(49g),34,0,0.1,0.4,8.9,7.6,,1,94,https://www.grapesfromcalifornia.com/wp-content/uploads/2017/03/green-grapes-2_450x450_acf_cropped.jpg
Veg,230,Pineapple,Fruit,Breakfast,,1 chunk(166g),82,0,0.2,0.9,22,16.2,,1.7,180,https://th.bing.com/th/id/OIP.n_QeNs3Uw_wQpJRgcKBW7gHaGu?pid=ImgDet&rs=1
Veg,231,Pomegranate,Fruit,Breakfast,,1 pomegranate(282g),234,0,3.3,4.7,53,39,,8.5,666,https://th.bing.com/th/id/OIP.1HUEpqFntmyOyyLZD-aflAHaHa?pid=ImgDet&w=1800&h=1800&rs=1
Veg,232,Cherry,Fruit,Breakfast,,6 cherry(49.2g),31,0,0.1,0.5,7.8,6.6,,0,108,https://img.thrfun.com/img/003/806/cherries_tx2.jpg
Veg,233,Guava,Fruit,Breakfast,,1 guava(165g),112,0,1.6,4.2,24,15,,3.3,688,https://image.izettle.com/product/1600x1600/8nIcXJ9GEeqZsR864GeZmw-hjnxHOj9Eeq8eznn4uU3Wg.jpeg
Veg,234,Apricot,Fruit,Breakfast,,1 apricot(35g),17,0,0.1,0.5,3.9,3.2,,0.3,91,https://cdn.shopify.com/s/files/1/2971/2126/products/Apricot_Kernel_57ca46cf-ffcc-4f0c-a8e0-931f827efc05_2000x.jpg?v=1528753409
Veg,235,Grapefruit,Fruit,Breakfast,,1 fruit(246g),104,0,0.3,1.9,26,17,,0,332,https://th.bing.com/th/id/OIP.5hFx6pyGoWHrq8wEpLw5AQHaHa?pid=ImgDet&rs=1
Veg,236,Kiwi,Fruit,Breakfast,,1 fruit(69g),42,0,0.4,0.8,10,6.2,,2.1,215,https://fruituncle.in/product-images/2020/01/31/538/large/kiwi-large-size-1pc-1.jpg
Veg,237,Plum,Fruit,Breakfast,,1 fruit(66g),30,0,0.2,0.5,7.5,6.5,,0,104,https://th.bing.com/th/id/OIP.1piCGvXCCzSasxcoem_7BQHaHa?pid=ImgDet&w=500&h=500&rs=1
Veg,238,Strawberry,Fruit,Breakfast,,5 large(90g),29,0,0.3,0.6,6.9,4.4,,0.9,138,https://yt3.ggpht.com/a/AGF-l7-1kUFzo-lRJOPZznJEyG9Q28NsuJB_fVulKQ=s900-c-k-c0xffffffff-no-rj-mo
Veg,239,Banana,Fruit,Breakfast,,1 meduim(118g),105,0,0.4,1.3,27,14,,1.2,422,https://th.bing.com/th/id/OIP.dBLIvc3EOdJNS5f1emKwYwHaHa?pid=ImgDet&rs=1
Veg,240,Pear,Fruit,Breakfast,,1 meduim(178g),101,0,0.3,0.6,27,17,,1.8,206,https://shop2.arborday.org/data/default/images/catalog/600/Turnkey/1/1-894.jpg
Veg,241,Litchi,Fruit,Breakfast,,1 fruit(190g),125,0,0.8,1.6,31,29,,1.9,325,https://th.bing.com/th/id/OIP.BlQTfbebQkoIQeqrHPBLeQHaHa?pid=ImgDet&rs=1
Veg,242,Blackberry,Fruit,Breakfast,,1 blackberry(6.5g),3,0,0,0.1,0.6,0.3,,0.1,11,https://fruitlayer.com/media/k2/items/cache/d61d44254608dd06ccdd2ff02982d14d_XL.jpg
Veg,243,Date,Fruit,Breakfast,,1 date(7.1g),20,0,0,0.2,5.3,4.5,,0.1,47,https://uaemoments.awicdn.com/site-images/sites/default/files/e7awi-prod/article/a/4/292305/de5db78e9e261ad1cd62eec7a03665b64a81a7ee-170718172220.jpg?preset=inner-img4&rnd=12344&save-png=1
Veg,244,Dragonfruit,Fruit,Breakfast,,1 fruit(198g),61,0,0.5,1.1,15,9,,6.9,312,https://th.bing.com/th/id/OIP.e1PJKX6qVOaKpS6S7WYQDwHaHa?pid=ImgDet&rs=1
Veg,245,Papaya,Fruit,Breakfast,,1 piece(145g),62,0,0.4,0.7,16,11,,12,264,https://th.bing.com/th/id/OIP.nak1Z4i2oAWflE6i3F7qegAAAA?pid=ImgDet&w=200&h=200&rs=1
Veg,246,Fig,Fruit,Breakfast,,1 medium(50g),37,0,0.1,0.4,9.6,8.1,,0.5,116,https://th.bing.com/th/id/OIP.NfwAuSyvAQH9hIrpk1HXhwHaHa?pid=ImgDet&rs=1
Veg,247,Custard Apple,Fruit,Breakfast,,1 pulp(250g),235,0,0.7,5.2,59,,,23,618,https://jooinn.com/images/custard-apple-1.jpg
Veg,248,Watermelon,Fruit,Breakfast,,1 wedge(286g),86,0,0.4,1.7,22,18,,2.9,320,https://th.bing.com/th/id/OIP.xPvL_Rc3HpbkWkk8S01rVQHaHa?pid=ImgDet&rs=1
Veg,249,Muskmelon,Fruit,Breakfast,,1 fruit(177g),60,0,0.3,473,14,14,,28,473,https://www.globalfoodcorridors.com/wp-content/uploads/2019/10/Honeydew-Melon.jpg
Veg,250,Avacado,Fruit,Breakfast,,1 avacado(201g),322,0,29,4,17,1.3,,14,975,https://cdn.shopify.com/s/files/1/2971/2126/products/Apricot_Kernel_57ca46cf-ffcc-4f0c-a8e0-931f827efc05_2000x.jpg?v=1528753409
Veg,252,Chickoo,Fruit,Breakfast,,1 chickoo(170g),141,0,1.9,0.8,34,,,20,328,https://5.imimg.com/data5/VX/YO/MY-26728858/fresh-chiku-500x500.jpg
Veg,253,Raspberry,Fruit,Breakfast,,1 raspberry(2g),1,0,0,0,0.2,0.1,,0,3,https://img.crocdn.co.uk/images/products2/pl/20/00/01/78/pl2000017889.jpg?width=940&height=940
Veg,254,Green Apple,Fruit,Breakfast,,1 medium(182g),95,0,0.3,0.5,25,19,,1.8,195,https://th.bing.com/th/id/OIP.sC2qNHypADmSFtYQZgbMkwHaHa?pid=ImgDet&rs=1
Veg,255,Apple,Fruit,Snacks,,1 medium(182g),95,0,0.3,0.5,25,19,,1.8,195,https://th.bing.com/th/id/OIP.-gIOAOj6Lq-sgbQfVh_C2gHaF7?w=223&h=180&c=7&r=0&o=5&dpr=1.5&pid=1.7
Veg,256,Orange,Fruit,Snacks,,1 fruit(140g),69,0,0.2,1.3,18,12,,1.4,232,https://media.istockphoto.com/photos/bitter-orange-daidai-picture-id462608983?k=6&m=462608983&s=612x612&w=0&h=IOiQVfraJnrIw58RRUVV_0wv9I2OCps17iijoEfohw0=
Veg,257,Mango,Fruit,Snacks,,1 fruit(336g),202,0,1.3,2.8,50,46,,3.4,564,https://momobud.sg/wp-content/uploads/2021/02/Palmer-Mango.jpg
Veg,258,Peach,Fruit,Snacks,,1 large(175g),68,0,0.4,1.6,17,15,,0,333,https://th.bing.com/th/id/OIP.9LmEKGScy0wJ3GDGqIe9pwHaGM?pid=ImgDet&rs=1
Veg,259,Grapes,Fruit,Snacks,,10 grapes(49g),34,0,0.1,0.4,8.9,7.6,,1,94,https://www.grapesfromcalifornia.com/wp-content/uploads/2017/03/green-grapes-2_450x450_acf_cropped.jpg
Veg,260,Pineapple,Fruit,Snacks,,1 chunk(166g),82,0,0.2,0.9,22,16.2,,1.7,180,https://th.bing.com/th/id/OIP.n_QeNs3Uw_wQpJRgcKBW7gHaGu?pid=ImgDet&rs=1
Veg,261,Pomegranate,Fruit,Snacks,,1 pomegranate(282g),234,0,3.3,4.7,53,39,,8.5,666,https://th.bing.com/th/id/OIP.1HUEpqFntmyOyyLZD-aflAHaHa?pid=ImgDet&w=1800&h=1800&rs=1
Veg,262,Cherry,Fruit,Snacks,,6 cherry(49.2g),31,0,0.1,0.5,7.8,6.6,,0,108,https://img.thrfun.com/img/003/806/cherries_tx2.jpg
Veg,263,Guava,Fruit,Snacks,,1 guava(165g),112,0,1.6,4.2,24,15,,3.3,688,https://image.izettle.com/product/1600x1600/8nIcXJ9GEeqZsR864GeZmw-hjnxHOj9Eeq8eznn4uU3Wg.jpeg
Veg,264,Apricot,Fruit,Snacks,,1 apricot(35g),17,0,0.1,0.5,3.9,3.2,,0.3,91,https://cdn.shopify.com/s/files/1/2971/2126/products/Apricot_Kernel_57ca46cf-ffcc-4f0c-a8e0-931f827efc05_2000x.jpg?v=1528753409
Veg,265,Grapefruit,Fruit,Snacks,,1 fruit(246g),104,0,0.3,1.9,26,17,,0,332,https://th.bing.com/th/id/OIP.5hFx6pyGoWHrq8wEpLw5AQHaHa?pid=ImgDet&rs=1
Veg,266,Kiwi,Fruit,Snacks,,1 fruit(69g),42,0,0.4,0.8,10,6.2,,2.1,215,https://fruituncle.in/product-images/2020/01/31/538/large/kiwi-large-size-1pc-1.jpg
Veg,267,Plum,Fruit,Snacks,,1 fruit(66g),30,0,0.2,0.5,7.5,6.5,,0,104,https://th.bing.com/th/id/OIP.1piCGvXCCzSasxcoem_7BQHaHa?pid=ImgDet&w=500&h=500&rs=1
Veg,268,Strawberry,Fruit,Snacks,,5 large(90g),29,0,0.3,0.6,6.9,4.4,,0.9,138,https://yt3.ggpht.com/a/AGF-l7-1kUFzo-lRJOPZznJEyG9Q28NsuJB_fVulKQ=s900-c-k-c0xffffffff-no-rj-mo
Veg,269,Banana,Fruit,Snacks,,1 meduim(118g),105,0,0.4,1.3,27,14,,1.2,422,https://th.bing.com/th/id/OIP.dBLIvc3EOdJNS5f1emKwYwHaHa?pid=ImgDet&rs=1
Veg,270,Pear,Fruit,Snacks,,1 meduim(178g),101,0,0.3,0.6,27,17,,1.8,206,https://shop2.arborday.org/data/default/images/catalog/600/Turnkey/1/1-894.jpg
Veg,271,Litchi,Fruit,Snacks,,1 fruit(190g),125,0,0.8,1.6,31,29,,1.9,325,https://th.bing.com/th/id/OIP.BlQTfbebQkoIQeqrHPBLeQHaHa?pid=ImgDet&rs=1
Veg,272,Blackberry,Fruit,Snacks,,1 blackberry(6.5g),3,0,0,0.1,0.6,0.3,,0.1,11,https://fruitlayer.com/media/k2/items/cache/d61d44254608dd06ccdd2ff02982d14d_XL.jpg
Veg,273,Date,Fruit,Snacks,,1 date(7.1g),20,0,0,0.2,5.3,4.5,,0.1,47,https://uaemoments.awicdn.com/site-images/sites/default/files/e7awi-prod/article/a/4/292305/de5db78e9e261ad1cd62eec7a03665b64a81a7ee-170718172220.jpg?preset=inner-img4&rnd=12344&save-png=1
Veg,274,Dragonfruit,Fruit,Snacks,,1 fruit(198g),61,0,0.5,1.1,15,9,,6.9,312,https://th.bing.com/th/id/OIP.e1PJKX6qVOaKpS6S7WYQDwHaHa?pid=ImgDet&rs=1
Veg,275,Papaya,Fruit,Snacks,,1 piece(145g),62,0,0.4,0.7,16,11,,12,264,https://th.bing.com/th/id/OIP.nak1Z4i2oAWflE6i3F7qegAAAA?pid=ImgDet&w=200&h=200&rs=1
Veg,276,Fig,Fruit,Snacks,,1 medium(50g),37,0,0.1,0.4,9.6,8.1,,0,116,https://th.bing.com/th/id/OIP.NfwAuSyvAQH9hIrpk1HXhwHaHa?pid=ImgDet&rs=1
Veg,277,Custard Apple,Fruit,Snacks,,1 pulp(250g),235,0,0.7,5.2,59,,,23,618,https://jooinn.com/images/custard-apple-1.jpg
Veg,278,Watermelon,Fruit,Snacks,,1 wedge(286g),86,0,0.4,1.7,22,18,,2.9,320,https://th.bing.com/th/id/OIP.xPvL_Rc3HpbkWkk8S01rVQHaHa?pid=ImgDet&rs=1
Veg,279,Melon,Fruit,Snacks,,1 fruit(177g),60,0,0.3,473,14,14,,28,473,https://www.globalfoodcorridors.com/wp-content/uploads/2019/10/Honeydew-Melon.jpg
Veg,280,Avacado,Fruit,Snacks,,1 avacado(201g),322,0,29,4,17,1.3,,14,975,https://cdn.shopify.com/s/files/1/2971/2126/products/Apricot_Kernel_57ca46cf-ffcc-4f0c-a8e0-931f827efc05_2000x.jpg?v=1528753409
Veg,282,Chickoo,Fruit,Snacks,,1 chickoo(170g),141,0,1.9,0.8,34,,,20,328,https://fruitznveggies.com/wp-content/uploads/2020/09/Chiku.jpg
Veg,283,Raspberry,Fruit,Snacks,,1 raspberry(2g),1,0,0,0,0.2,0.1,,0,3,https://www.kirbysproduce.com/wp-content/uploads/2020/04/raspberries-1.jpg
Veg,284,Green Apple,Fruit,Snacks,,1 medium(182g),95,0,0.3,0.5,25,19,,1.8,195,https://qbuypanda.com/image/cache/catalog/Seller_19/green%20apple-1000x1000.jpg
Veg,285,Saag Paneer,Vegetable,Dinner,"salt, spinach, jalapeno, onion, fresh ginger, sugar, oil, pepper, paneer, bay leaf, fenugreek, cumin seed, garam masala, light cream",1 cup(200g),366,56,30,15,10,4.5,,871,559,https://images.squarespace-cdn.com/content/v1/6057bede2adaca3d2461a22d/1622891136732-CMUKA82PDT6T9WNUK1JS/Saag+paneer+pan+%281%29.jpeg?format=1000w
Veg,286,Paneer Kabab,Starters,Lunch,"marinade, onion, green bell pepper, paneer, red bell pepper",1 skewer(178g),280,41,21,13,12,6.9,,1074,313,https://kebabistaan.com/wp-content/uploads/2019/08/panneer-tikka-kebab.jpg
Veg,287,Matar Paneer,Curry,Dinner,"tomatoe, garlic, green chilie, onion, green pea, ginger, oil, paneer, chili powder, turmeric, ground coriander, cumin seed, masala, water",1 serving(440g),599,69,46,23,25,9.2,,1026,455,"https://static.wixstatic.com/media/05c508_c970fdc02c544518836d416827b20c5e~mv2.jpg/v1/fill/w_1000,h_1000,al_c,q_90,usm_0.66_1.00_0.01/05c508_c970fdc02c544518836d416827b20c5e~mv2.jpg"
Veg,288,Paneer Korma,Curry,Lunch,"curry sauce, paneer",1 cup(236g),367,62,29,17,10,4.1,,633,265,https://www.whiskaffair.com/wp-content/uploads/2019/12/Paneer-Korma-2-3.jpg
Veg,289,Shahi Paneer,Curry,Dinner,"salt, tomato, heavy cream, garlic, clove, cilantro, onion, white sugar, oil, paneer, ground cumin, chili powder, ground turmeric, ground coriander, water",1 cup(242g),310,52,25,12,12,7.2,,555,444,https://b.zmtcdn.com/data/dish_photos/9e2/fc7667d9588a675bb54e7944b00f49e2.jpg
Veg,290,Chilli Paneer,Starters,Dinner,"soy sauce, salt, salt, garlic, corn flour, orn flour, jalapeno, onion, sugar, vegetable oil, vinegar, ketchup, reen pepper, panee, green onion, chili powder, chili powder, chili sauce, water, water",1 cup(233g),366,49,27,15,17,6.7,,1418,322,https://indraprasthaindiancuisine.com/wp-content/uploads/2021/03/GUNTUR-CHILLI-PANEER.jpg
Veg,291,Paneer Masala,Curry,Dinner,"cashew, salt, tomato, cream, butter, jalapeno, ginger, sugar, paneer, bay leaf, chili powder, fenugreek, garam masala, water, water",1 cup(198g),201,41,16,8.2,6.9,3.7,,503,291,https://cuminindiancuisine.com/wp-content/uploads/2021/05/Paneer-Masala.png
Veg,292,Dal Fry,Curry,Lunch,"salt, tomato, lentil, jalapeno, onion, oil, lemon juice, cumin, chili powder, turmeric, fenugreek, cumin seed, garam masala, water, garlic paste, ginger paste, coriander",1 cup(200g),178,0,7.8,8.1,21,3.6,,376,452,https://www.cookwithmanali.com/wp-content/uploads/2019/07/Dal-Fry-Recipe-500x500.jpg
Veg,293,Khoya Paneer Curry,Curry,Lunch,"cashews, tomato, butter, milk, onion, sugar, paneer cheese, bay leaf, cumin, chili powder, fenugreek, garam masala, chili paste, ginger paste, coriander, khoya",1 cup(198g),289,52,19,13,17,11,,493,241,"https://res.cloudinary.com/swiggy/image/upload/f_auto,q_auto,fl_lossy/vwabejuuf5uzrtuzvogb"
Veg,294,Plain Rice,Rice,Dinner,"Water, salt",1 cup(158g),205,0,0.4,4.3,45,0.1,,1.6,55,https://www.seekpng.com/png/full/12-127011_white-rice-white-rice-png.png
Non-veg,295,Indian Chilli Chicken,Poultry,Dinner,"soy sauce ,garlic ,corn flour,egg, green chili pepper,fresh ginger, chili powder,boneless chicken, curry powder, curry powder,green bell pepper",1 cup(214g),277,90,12,21,21,4.4,,355,466,https://fitelo.co/wp-content/uploads/elementor/thumbs/chilli-chicken-p10mrpsol6m0k06409eo26o7t99l954hcfm9lpf18w.jpg
Veg,296,Aloo Jeera,Vegetable,Dinner,"salt, cilantro, jalapeno pepper, potato, lemon juice, chili powder, turmeric, cumin seed",1 cup(143g),172,0,5.6,3.5,28,1.8,,315,727,https://static.toiimg.com/thumb/53540469.cms?imgsize=115272&width=800&height=800
Veg,297,Aloo Gobi,Vegetable,Lunch,"salt, peanut oil, cauliflower, cilantro, potato, fresh ginger, cumin, turmeric, water, serrano pepper, coriander",1 cup(155g),111,0,5.5,2.5,15,1.7,,230,390,https://static.toiimg.com/thumb/52603313.cms?imgsize=371760&width=800&height=800
Veg,298,Carrot Halwa,Desserts,Lunch,"cashew, raisin, carrots, sugar, whole milk, cardamom, ghee",1 cup(228g),275,30,13,5.6,35,30,,103,443,https://www.vegrecipesofindia.com/wp-content/uploads/2021/11/gajar-halwa-carrot-halwa-500x500.jpg
Veg,299,Suji Halwa,Desserts,Lunch,"cashew, almond, semolina, sugar, whole milk, cardamom, ghee",1 serving(122g),318,31,13,4.9,46,30,,52,155,https://www.cookwithmanali.com/wp-content/uploads/2019/09/Sooji-Halwa-500x500.jpg
